page,country,rev_id,Geography,Population mid-2018 (millions)
Information Minister of the Palestinian National Authority,Palestinian Territory,393276188,,
Julius Gregr,Czech Republic,395521877,,
Edvard Gregr,Czech Republic,395526568,,
Presidents of the General Council of French Guiana,French Guiana,546364151,,
Timoteo Menéndez,Salvadoran,566504165,,
Gervas Clay,Rhodesian,574571582,,
Mavua Mudima,"Congo, Dem. Rep. of",592289232,,
Finance Minister of the Palestinian National Authority,Palestinian Territory,596181202,,
Planning Minister of the Palestinian National Authority,Palestinian Territory,633612729,,
"List of members of the parliament of East Timor, 2001–07",East Timorese,638566016,,
"List of members of the Løgting, 1974–78",Faroese,643932216,,
"List of members of the Løgting, 1978–80",Faroese,643932220,,
"List of members of the Løgting, 1980–84",Faroese,643932225,,
"List of members of the Løgting, 1984–88",Faroese,643932226,,
"List of members of the Løgting, 1990–94",Faroese,643932239,,
"List of members of the Løgting, 1994–98",Faroese,643932242,,
James Bisset (mayor),Cape Colony,647367482,,
Augustus Joseph Tancred,Cape Colony,651250302,,
Johan Conrad Silberbauer,Cape Colony,653467222,,
List of provincial governors of the Democratic Republic of the Congo,"Congo, Dem. Rep. of",663088604,,
"List of members of the National Assembly (South Korea), 1950–54",South Korean,663348266,,
James Cotterell Hoole,Cape Colony,666596918,,
Harry Davies (politician),Rhodesian,669387487,,
Patrick Goold,Cape Colony,670210734,,
Toluono Feti,Samoan,671515606,,
Miroslav Poche,Czech Republic,672862914,,
Vojtěch Mynář,Czech Republic,673008587,,
Speaker of the Legislative Assembly of Montserrat,Montserratian,674919905,,
Andries Botha,Cape Colony,676828191,,
Joaquín Escolán y Balibrera,Salvadoran,679294949,,
Charles William Hutton,Cape Colony,680205631,,
Chairman of the Island Council (Pitcairn),Pitcairn Islands,680532939,,
Hossam Arafat (politician),Palestinian Territory,680933208,,
William Fairbridge,Rhodesian,682576258,,
Earl Asim Martin,Saint Kitts and Nevis,687127320,,
John Blades Currey,Cape Colony,693624260,,
Zaur Avidzba,Abkhazia,694519009,,
"List of members of the Løgting, 1998–2002",Faroese,698865505,,
José Abel,East Timorese,699698855,,
Tórbjørn Poulsen,Faroese,700400143,,
Tawfik Tirawi,Palestinian Territory,701106976,,
Demmus Hentze,Faroese,701771698,,
Young Vivian,Niuean,703037968,,
Noel Ahipeaud,Ivorian,703133769,,
Claude Lise,Martinique,703216645,,
Simon Jenko,Carniolan,703436823,,
Park In-won,South Korean,703478926,,
Paul Southwell,Saint Kitts and Nevis,703666654,,
Petrus Compton,Saint Lucian,703819839,,
Jan Malypetr,Czech Republic,704424304,,
Thomas François Burgers,South African Republic,704636517,,
Céleo Arias,Hondura,704789339,,
James Ah Koy,Samoan,704919844,,
Zaur Ardzinba,Abkhazia,704938340,,
Emanuel Moravec,Czech Republic,705080136,,
Va'aelua Eti Alesana,Samoan,705218371,,
Juan Francisco de Molina,Hondura,705346284,,
Felipe Neri Medina,Hondura,705346304,,
Mariano Garrigó,Hondura,705346378,,
José María Bustillo (Honduran),Hondura,705346396,,
Francisco Gómez (acting president),Hondura,705346462,,
Salvador Aguirre (Honduras),Hondura,705346724,,
Francisco Bográn,Hondura,705346741,,
Fermín Palacios,Salvadoran,705353491,,
Eugenio Aguilar,Salvadoran,705353565,,
Tomás Medina,Salvadoran,705353584,,
Ramón Rodríguez (Salvadoran politician),Salvadoran,705353647,,
Vicente Gómez,Salvadoran,705353678,,
Lorenzo Zepeda,Salvadoran,705353843,,
José María Peralta,Salvadoran,705353896,,
Francisco Menéndez,Salvadoran,705353975,,
Pedro José Escalón,Salvadoran,705354095,,
Fernando Figueroa,Salvadoran,705354112,,
Carlos Meléndez (politician),Salvadoran,705354212,,
Fabio Castillo Figueroa,Salvadoran,705385310,,
Eugène Diomi Ndongala Nzomambu,"Congo, Dem. Rep. of",705390654,,
President of the General Council of Martinique,Martinique,705428274,,
Théophile Mbemba Fundu,"Congo, Dem. Rep. of",705707214,,
Ntumba Luaba,"Congo, Dem. Rep. of",705723187,,
Myra Ndjoku Manianga,"Congo, Dem. Rep. of",705723441,,
Misa Telefoni Retzlaff,Samoan,706207837,,
Isam al-Qadi,Palestinian Territory,706650943,,
Ricardo Montenegro,Salvadoran,706769596,,
Vicente Flores,Incan,706771757,,
Luagalau Levaula Kamu,Samoan,706804758,,
Leafa Vitale,Samoan,706837234,,
Khozh-Ahmed Noukhayev,Chechen,707217873,,
Rafael Campo,Salvadoran,707399758,,
Miguel Santín del Castillo,Salvadoran,707400213,,
Osmín Aguirre y Salinas,Salvadoran,707403482,,
Eusebio Rodolfo Cordón Cea,Salvadoran,707404888,,
Juan José Guzmán,Salvadoran,707519272,,
Niko Lee Hang,Samoan,707525246,,
Tuu'u Anasi'i Leota,Samoan,707525315,,
Vladimír Hučín,Czech Republic,707597623,,
Hussein al-Araj,Palestinian Territory,707669406,,
Tuiloma Pule Lameko,Samoan,707750982,,
Juan Ramón Salgado,Hondura,707824636,,
André-Philippe Futa,"Congo, Dem. Rep. of",708009445,,
Juan José Cañas,Salvadoran,708089470,,
Mohammad Barghouti,Palestinian Territory,708269321,,
Gérard Gifuza,"Congo, Dem. Rep. of",708358969,,
Koloso Sumaili,"Congo, Dem. Rep. of",708359204,,
Ahmed Khalidi,Palestinian Territory,708495719,,
Tuo Fozié,Ivorian,708711840,,
Terry Le Main,Jersey,708727189,,
Paul Routier,Jersey,708727221,,
Mike Vibert,Jersey,708766654,,
Health Minister of the Palestinian National Authority,Palestinian Territory,708817890,,
Lee Moore (politician),Saint Kitts and Nevis,709078753,,
Joseph Parry (politician),Saint Kitts and Nevis,709078817,,
Qais Abd al-Karim,Palestinian Territory,709529097,,
Mahmoud Aloul,Palestinian Territory,709567584,,
Pavla Topolánková,Czech Republic,709676840,,
Harold Dalson,Saint Lucian,709912281,,
Keith Mondesir,Saint Lucian,709912316,,
Rufus Bousquet,Saint Lucian,709914459,,
Victor Batarseh,Palestinian Territory,709994434,,
Hanna Nasser (academic),Palestinian Territory,710133339,,
Sean Power (Jersey),Jersey,710334019,,
Anastas Hanania,Palestinian Territory,710390049,,
Robert James Dugu Gordon,Saint Kitts and Nevis,710428915,,
Leonard Norman,Jersey,710503170,,
José Gregorio Salazar,Salvadoran,710543364,,
Mike Torode,Guernsey,710546915,,
Diego Vigil Cocaña,Salvadoran,710555824,,
Nicolás Espinoza,Salvadoran,710578840,,
Léon Emmanuel Monnet,Ivorian,710585105,,
Juan José Alvarado,Hondura,710598059,,
Joudeh George Murqos,Palestinian Territory,710676772,,
Pedro Barriere,Salvadoran,710677703,,
Joaquín de San Martín,Salvadoran,710828020,,
Ali al-Sartawi,Palestinian Territory,710990363,,
Juan Ángel Almendares Bonilla,Hondura,711170881,,
Washington Malianga,Rhodesian,711506001,,
Josef Barák,Czech Republic,711675761,,
Ronald Snapper,Rhodesian,712233907,,
Rogerio Lobato,East Timorese,712249441,,
Jamal Tirawi,Palestinian Territory,712310215,,
Antonín Švehla,Czech Republic,712426548,,
Peter Waterworth,Montserratian,712713704,,
Pierre Djédji Amondji,Ivorian,713176326,,
Célestin Cibalonza Byaterana,"Congo, Dem. Rep. of",713195149,,
Emmanuel Leku Apuobo,"Congo, Dem. Rep. of",713198718,,
Samir Abu Eisheh,Palestinian Territory,713203735,,
Henri Beaujean,Guadeloupe,713324685,,
Diabete Aboubacar Siriki,Ivorian,713381693,,
Sami Taha,Palestinian Territory,713505054,,
Kisula Ngoy,"Congo, Dem. Rep. of",713583472,,
Jakob Marzel Sternberger,Czech Republic,713698544,,
Ivan Hribar,Carniolan,713766077,,
Jean Maran,Martinique,713974388,,
Andrias Christian Evensen,Faroese,714088539,,
Jean Collins Musonda Kalusambo,"Congo, Dem. Rep. of",714150941,,
Alois Anderka,Czech Republic,714174726,,
Ayyub Musallam,Palestinian Territory,714176771,,
Hajj Essa Hamed,Palestinian Territory,714181175,,
Auguste Denise,Ivorian,714183793,,
Philippe Yacé,Ivorian,714200423,,
Hasan Tahboub,Palestinian Territory,714208891,,
Denis Kalume Numbi,"Congo, Dem. Rep. of",714220527,,
Laauli Leuatea Polataivao,Samoan,714244543,,
José Félix Quirós,Salvadoran,714256648,,
Hanna Nasser,Palestinian Territory,714586856,,
Jean-Baptiste Mockey,Ivorian,714822110,,
Joseph Orpen,Cape Colony,715016315,,
Ghazi Hanania,Palestinian Territory,715125381,,
Hákun Djurhuus,Faroese,715330944,,
Oscar Kilgore,Hondura,715365023,,
Ivan Dejmal,Czech Republic,715467197,,
Serge Larcher,Martinique,715489433,,
Jógvan Justinusson,Faroese,715490721,,
Franz Macoun,Czech Republic,715640391,,
Edgar Allen Christian,Pitcairn Islands,715823848,,
Frederick Martin Christian,Pitcairn Islands,715823876,,
John Lorenzo Christian,Pitcairn Islands,715823908,,
Andrass Samuelsen,Faroese,716137698,,
Kim Seung-kew,South Korean,716323288,,
Joseph Lambert Eustace,Saint Vincent and the Grenadines,716335437,,
Len Ishmael,Saint Lucian,716376965,,
Amin Abd al-Hadi,Palestinian Territory,716425885,,
Gregor Žerjav,Carniolan,716507073,,
Karel Dežman,Carniolan,716574519,,
Willem Cornelis Janse van Rensburg,South African Republic,716703178,,
Karel Urbánek,Czech Republic,716711851,,
Roberto Flores Bermúdez,Hondura,716882219,,
Samir Hulileh,Palestinian Territory,717174805,,
Stanislav Kochiev,South Ossetian,717215546,,
Valeriy Hubulov,South Ossetian,717241760,,
Benjamin Stanley Young,Pitcairn Islands,717259837,,
Edward Quintal,Pitcairn Islands,717338734,,
Arthur Quintal I,Pitcairn Islands,717340951,,
Fletcher Christian II,Pitcairn Islands,717340996,,
Moses Young,Pitcairn Islands,717341064,,
Matthew McCoy (Magistrate),Pitcairn Islands,717345596,,
Arthur Quintal II,Pitcairn Islands,717346443,,
Leona Gabriel,Martinique,717349591,,
Hatem Qafisha,Palestinian Territory,717350346,,
Josip Vilfan,Carniolan,717350390,,
Charles Christian II,Pitcairn Islands,717350782,,
Seo Young-kyo,South Korean,717405394,,
Vladimír Klokočka,Czech Republic,717429365,,
To’alepaiali’i Toeolesulusulu Salesa III,Samoan,717442173,,
Tou Travel Ariki,Cook Island,717545630,,
Piho Rua,Cook Island,717593716,,
Luka Svetec,Carniolan,717669055,,
María Josefa Lastiri,Hondura,717808509,,
Norris Henry Young,Pitcairn Islands,717867039,,
Robert Woonton,Cook Island,717897925,,
Edgardo Carlos Suárez Mallagray,Salvadoran,717903674,,
Nayef Rajoub,Palestinian Territory,717907429,,
Ben Shenton,Jersey,717911161,,
Hilal Al Sarmi,Omani,717915660,,
Jean Julien Angot des Rotours,Guadeloupe,718041739,,
Eduardo Bueso,Hondura,718132526,,
Klaas Afrikaner,Cape Colony,718462130,,
Delphin Kyubwa,"Congo, Dem. Rep. of",718961623,,
Namulau’ulu Vavae Tuilagi,Samoan,718995854,,
Laurie Morgan,Guernsey,719122168,,
Ngereteina Puna,Cook Island,719186872,,
Christopher J. Turner,Montserratian,719256142,,
Elvin Santos,Hondura,719637124,,
Lefau Harry Schuster,Samoan,719691980,,
Arthur Galsworthy,Pitcairn Islands,719706841,,
Manuel Magalhaes de Oliveira,East Timorese,720011934,,
Jaromír Jermář,Czech Republic,720027362,,
Jules Ninine,Guadeloupe,720032116,,
Furcie Tirolien,Guadeloupe,720040455,,
Henri Bangou,Guadeloupe,720040633,,
Dominique Larifla,Guadeloupe,720040679,,
Georges Dagonia,Guadeloupe,720040713,,
François Louisy,Guadeloupe,720040739,,
Henri Agarande,Martinique,720040766,,
Georges Guéril,French Guiana,720040781,,
Édouard Gaumont,French Guiana,720040911,,
Édouard Chammougon,Guadeloupe,720047704,,
Philippe Edmond-Mariette,Martinique,720051482,,
Guy Lordinot,Martinique,720051522,,
Anicet Turinay,Martinique,720051537,,
Léopold Hélène,Guadeloupe,720055613,,
Leo Andy,Guadeloupe,720055699,,
José Moustache,Guadeloupe,720055763,,
Frédéric Jalton,Guadeloupe,720055814,,
Rosan Girard,Guadeloupe,720055877,,
Armand Jean-François,Guadeloupe,720055937,,
Michel Renard,Martinique,720059715,,
Jean Silvandre,Martinique,720059792,,
Marie-Joseph Pernock,Martinique,720116944,,
Paul Valentino,Guadeloupe,720117073,,
Marcel Esdras,Guadeloupe,720117155,,
Mariani Maximin,Guadeloupe,720117294,,
Camille Darsières,Martinique,720127025,,
Homère Clément,Martinique,720127121,,
Ghassan Shakaa,Palestinian Territory,720225559,,
Sam Condor,Saint Kitts and Nevis,720360218,,
Aníbal Portillo,Salvadoran,720419598,,
Robert Le Masurier,Jersey,720430005,,
John Allen (diplomat),Tokelauan,720435378,,
Raymond Tarcy,French Guiana,720461524,,
José Francisco Valiente,Salvadoran,720478176,,
Salim Zanoun,Palestinian Territory,720541817,,
Joseph Nathaniel France,Saint Kitts and Nevis,720572188,,
Diego de Holguín,Salvadoran,720623176,,
Sigfrido Reyes Morales,Salvadoran,720633452,,
Sylvain Ngabu Chumbu,"Congo, Dem. Rep. of",720858135,,
Zurab Achba,Abkhazia,721094337,,
José Endundo Bononge,"Congo, Dem. Rep. of",721206007,,
Amédée Fengarol,Guadeloupe,721660701,,
Rostislav Khugayev,South Ossetian,721687759,,
Artur London,Czech Republic,721736524,,
Alain Tien-Liong,French Guiana,721865198,,
Álvur Kirke,Faroese,721938213,,
Marlon Pascua,Hondura,722006681,,
Domingo Vásquez,Hondura,722195895,,
Mohammed Al Rumhi,Omani,722258362,,
Peter Harwood,Guernsey,722295712,,
Rikard Long,Faroese,722336332,,
Sigurð Joensen,Faroese,722336979,,
Enrique Flores Lanza,Hondura,722442093,,
Jógvan Poulsen (1854–1941),Faroese,722590461,,
Martin Storey (politician),Guernsey,722806951,,
František Sláma (politician),Czech Republic,722937211,,
Kevin C. Lewis,Jersey,722988899,,
Lee Wu-jong,South Korean,723064614,,
Themba N. Masuku,Swaziland,723121670,,
Jan Kubice,Czech Republic,723151837,,
Tuitama Talalelei Tuitama,Samoan,723152770,,
Renan Inestroza,Hondura,723153856,,
Kamil Jankovský,Czech Republic,723207013,,
Manuel Enrique Araujo,Salvadoran,723277343,,
Mauricio Oliva,Hondura,723304712,,
Christian Groepe,Cape Colony,723563811,,
Karim Mammadbeyov,Dagestani,723563977,,
Shota Shamatava,Abkhazia,723736482,,
Shawn Richards,Saint Kitts and Nevis,723892438,,
Richard Muyej Mangez,"Congo, Dem. Rep. of",723913158,,
Jacob Vestergaard,Faroese,724674137,,
Václav Vacek,Czech Republic,724691268,,
Rob Duhamel,Jersey,724891592,,
William Hume (Cape politician),Cape Colony,724976433,,
Johan Simonsen,Faroese,725030656,,
Armando Calidonio,Hondura,725105423,,
Sébastien Impeto Pengo,"Congo, Dem. Rep. of",725141090,,
Kári P. Højgaard,Faroese,725288194,,
Carlos Urbizo,Hondura,725343188,,
Čestmír Císař,Czech Republic,725362978,,
Mauricio Villeda,Hondura,725459626,,
Duvalle,Saint Vincent and the Grenadines,725462724,,
Séry Bailly,Ivorian,725560428,,
Miguel Andonie Fernández,Hondura,725591760,,
Ahmad Bahar (Palestinian politician),Palestinian Territory,725592476,,
Patrick J. D. Ryan,Jersey,725737326,,
René Toribio,Guadeloupe,725882471,,
Dominic Fedee,Saint Lucian,725910626,,
William Carey (Bailiff of Guernsey),Guernsey,725970969,,
Howard Fergus,Montserratian,725980651,,
Yolani Batres,Hondura,726246603,,
Philip Pierre,Saint Lucian,726374537,,
Janez Evangelist Krek,Carniolan,726434981,,
Luca Rovinalti,Czech Republic,726666131,,
Le Mamea Matatumua Ata,Samoan,726724077,,
Tole’afoa Solomona To’ailoa,Samoan,726724455,,
Kamil Krofta,Czech Republic,726762194,,
Manuel Antonio Alberto Zelaya,Hondura,726766670,,
Yahya Al Khusaibi,Omani,726862168,,
List of Danish High Commissioners in Greenland,Greenlandic,728026000,,
Emmanuel Véry-Hermence,Martinique,728154475,,
List of Presidents of the House of Ariki,Cook Island,728378933,,
Milan Štěch,Czech Republic,728506208,,
Laurent Akoun,Ivorian,729142061,,
Kristin Michelsen,Faroese,729422866,,
Sayyid Badr bin Hamad bin Hamood AlBusaidi,Omani,729426899,,
David Jones (Guernsey politician),Guernsey,729428763,,
Etbin Henrik Costa,Carniolan,729435354,,
Umm Nidal,Palestinian Territory,729635985,,
Patrice Tirolien,Guadeloupe,729810276,,
Antonín Janoušek,Czech Republic,729912438,,
Bedřich Geminder,Czech Republic,730146355,,
Aref al-Dajani,Palestinian Territory,730565205,,
Faed Mustafa,Palestinian Territory,730612889,,
Hunter J. Francois,Saint Lucian,730756593,,
Joaquín Eufrasio Guzmán,Salvadoran,730854147,,
Francisco Malespín,Salvadoran,730864227,,
Jonathan Sinclair,Pitcairn Islands,731458576,,
James Sivewright,Cape Colony,731817397,,
William Downes Griffith,Cape Colony,731908828,,
List of Presidents of the Regional Council of Martinique,Martinique,732059763,,
Neil Walter,Tokelauan,732100626,,
Presidents of the Regional Council of French Guiana,French Guiana,732283076,,
André Lesueur,Martinique,732488768,,
Clovis Kabongo Malemba,"Congo, Dem. Rep. of",733051797,,
Daniel Aka Ahizi,Ivorian,733596387,,
Rodrigo Ávila,Salvadoran,733791467,,
Interior Minister of the Palestinian National Authority,Palestinian Territory,734366909,,
Lisbeth L. Petersen,Faroese,734668075,,
Karel Domin,Czech Republic,735174171,,
Bamba Mamadou,Ivorian,735408389,,
Símun av Skarði,Faroese,735578210,,
Mario Aguiñada Carranza,Salvadoran,736491718,,
Harry Struben,South African Republic,736854878,,
Vincent Floissac,Saint Lucian,736890123,,
George Odlum,Saint Lucian,736890129,,
Philippe de Carteret II,Jersey,737014330,,
Patrice Nisbett,Saint Kitts and Nevis,737165159,,
Ashley Greenwood,Montserratian,737169369,,
Samiha Khalil,Palestinian Territory,737316891,,
John Sweet Distin,Cape Colony,737348283,,
François Nicéphore Kakese,"Congo, Dem. Rep. of",737533634,,
Jean-Étienne Antoinette,French Guiana,737536891,,
Hubert Ripka,Czech Republic,737562321,,
João Viegas Carrascalão,East Timorese,737687072,,
Tangaroa Tangaroa,Cook Island,737975585,,
David Rodríguez Rivera,Salvadoran,738362225,,
Imil Jarjoui,Palestinian Territory,738485209,,
Mihael Preiss,Carniolan,738955897,,
Lealailepule Rimoni Aiafi,Samoan,738999542,,
Va'ai Papu Vailupe,Samoan,739170575,,
Palusalue Fa’apo II,Samoan,739170586,,
Tolofuaivalelei Falemoe Lei’ataua,Samoan,739170620,,
A'eau Peniamina,Samoan,739170646,,
Patu Ativalu,Samoan,739170663,,
Charles Antrobus,Saint Vincent and the Grenadines,739296460,,
Abu Zakaria al-Jamal,Palestinian Territory,740251014,,
Mustafa al-Khalidi,Palestinian Territory,740562507,,
Sua Sulu'ape Paulo II,Samoan,740773350,,
Connétable (Jersey and Guernsey),Jersey,740998059,,
Carlos Ezeta,Salvadoran,741190933,,
Samir Ghawshah,Palestinian Territory,741240899,,
Tomáš Eduard Šilinger,Czech Republic,741588720,,
Louis Henri de Gueydon,Martinique,741659376,,
Karel Lavrič,Carniolan,741794691,,
Petr Janyška,Czech Republic,741798984,,
Gunnar Martens,Greenlandic,742150479,,
Andrés Ignacio Menéndez,Salvadoran,742279612,,
Abraham Alvarenga Urbina,Hondura,742298045,,
Alan J. H. Maclean,Jersey,742413962,,
Raymond Ramazani Baya,"Congo, Dem. Rep. of",742707920,,
Lyndon Trott,Guernsey,742737553,,
Fuad Kokaly,Palestinian Territory,742810698,,
Jonathan Le Tocq,Guernsey,742872067,,
Graham Dorey,Guernsey,742872751,,
Janet Mikhail,Palestinian Territory,742930612,,
Alan Parastaev,Ossetian,743018109,,
Mulumba Lukoji,"Congo, Dem. Rep. of",743061455,,
Gerardo Barrios,Salvadoran,743252984,,
Jana Juřenčáková,Czech Republic,743423675,,
Simeon Aké,Ivorian,743428650,,
Hind Khoury,Palestinian Territory,744229617,,
Tim Francis,Tokelauan,744394596,,
Jaromír Nečas,Czech Republic,744448745,,
Martial Joseph Ahipeaud,Ivorian,744522699,,
Siegfried Taub,Czech Republic,744612257,,
Lovro Toman,Carniolan,744636212,,
Saloum Cohen,Palestinian Territory,744680083,,
Innocent Anaky,Ivorian,744920472,,
Cyrille Bissette,Martinique,745174732,,
Asiata Sale'imoa Va'ai,Samoan,745204530,,
Michel Couriard,Jersey,745348113,,
Ahmed Majdalani,Palestinian Territory,745445418,,
Agapito Robleda Castro,Hondura,745838578,,
David Emmanuel Jack,Saint Vincent and the Grenadines,745928420,,
César Castellanos (politician),Hondura,746117875,,
Faidi al-Alami,Palestinian Territory,746561126,,
Georges Marie Anne,Martinique,746619744,,
Záviš Kalandra,Czech Republic,746707985,,
John Thomas Eustace,Cape Colony,746923352,,
Gerald B. Clarke,Rhodesian,747497059,,
Moses Mathendele Dlamini,Swaziland,747579157,,
Bogumil Vošnjak,Carniolan,747945423,,
Boris Chochiev,South Ossetian,748071193,,
Simon Young (magistrate),Pitcairn Islands,748179514,,
Victor Mazuline,Martinique,748274199,,
Hégésippe Légitimus,Guadeloupe,748274502,,
Louisy Mathieu,Guadeloupe,748274939,,
Aiono Nonumalo Sofara,Samoan,748298776,,
Mata'afa Faumuina Fiame Mulinu'u I,Samoan,748384437,,
Rubén Zamora,Salvadoran,748418081,,
De Vic Carey,Guernsey,748457839,,
Fiame Mata'afa Faumuina Mulinu'u II,Samoan,748477510,,
Finnbogi Ísakson,Faroese,748477895,,
Adolfo Lionel Sevilla,Hondura,748832681,,
Brian Young (magistrate),Pitcairn Islands,749046736,,
Vicente Tosta,Hondura,749185736,,
Alexandre Luba Ntambo,"Congo, Dem. Rep. of",749397818,,
Oscar Kashala,"Congo, Dem. Rep. of",749419078,,
Alois Rašín,Czech Republic,749575931,,
Aníbal Delgado Fiallos,Hondura,749663646,,
Toribio Aguilera,Hondura,749695259,,
René Jadfard,French Guiana,749748234,,
First Lady of Ivory Coast,Ivorian,749766207,,
Bedřich Reicin,Czech Republic,749945936,,
Yury Morozov,South Ossetian,749962491,,
Antonio José Cañas,Salvadoran,749973666,,
José Atilio Benítez Parada,Salvadoran,749976455,,
"List of members of the Løgting, 1988–90",Faroese,750074079,,
Brandur Sandoy,Faroese,750167873,,
Jeremias Ziervogel,Cape Colony,750299694,,
Jean-Marie Runiga Lugerero,"Congo, Dem. Rep. of",750725157,,
Queen Pokou,Ivorian,750972336,,
Christian Malanga,"Congo, Dem. Rep. of",751152656,,
Faustin Birindwa,"Congo, Dem. Rep. of",751361476,,
Joshua Hill (Pitcairn Island leader),Pitcairn Islands,751464749,,
Bernd Richter,Czech Republic,751718674,,
Arafat scarf,Palestinian Territory,752269980,,
Kamil Kalina,Czech Republic,753045804,,
Manuel Carrascalão,East Timorese,753061850,,
Chikez Diemu,"Congo, Dem. Rep. of",753704394,,
Guy de Faye,Jersey,754330569,,
Minister of Foreign Affairs (Democratic Republic of the Congo),"Congo, Dem. Rep. of",754344309,,
George Fergusson (diplomat),Pitcairn Islands,754790610,,
James Russell McCoy,Pitcairn Islands,754935959,,
Matthew Edmond McCoy,Pitcairn Islands,754935982,,
Zuhir al-Qaisi,Palestinian Territory,754951299,,
"List of members of the Løgting, 2015–19",Faroese,754952121,,
"List of members of the Løgting, 2011–15",Faroese,754952298,,
"List of members of the Løgting, 2008–11",Faroese,754952557,,
"List of members of the Løgting, 2004–08",Faroese,754952620,,
"List of members of the Løgting, 2002–04",Faroese,754952690,,
Mohammed Shabir,Palestinian Territory,754960024,,
Sumbat Saakian,Abkhazia,755193428,,
Jacques Bangou,Guadeloupe,755313899,,
Said Seyam,Palestinian Territory,755358806,,
Richard Sacher,Czech Republic,755428089,,
Speaker of the Cook Islands Parliament,Cook Island,755442454,,
Émile Boga Doudou,Ivorian,755479236,,
Fran Levstik,Carniolan,755713654,,
Adalgisa Magno Guterres,East Timorese,755908563,,
María do Céu,East Timorese,755908564,,
Adrien Jules Jean Bonhoure,Ivorian,756060260,,
Václav Fischer,Czech Republic,756317863,,
Edouard Kiove Kola,"Congo, Dem. Rep. of",756510063,,
Bárður á Steig Nielsen,Faroese,756602743,,
Edmund Joensen,Faroese,756654638,,
Jørgen Niclasen,Faroese,756654880,,
Sara Olsvig,Greenlandic,756830216,,
Atef Adwan,Palestinian Territory,756834998,,
Moussa Arafat,Palestinian Territory,756836183,,
Ezechiel Joseph,Saint Lucian,757044849,,
Gaston Gerville-Réache,Guadeloupe,757050656,,
Maria Heather,Cook Island,757064438,,
Tetangi Matapo,Cook Island,757064793,,
Selina Napa,Cook Island,757064845,,
Dorice Reid,Cook Island,757065079,,
Ngai Tupa,Cook Island,757065152,,
Teresina Bodkin,Montserratian,757086597,,
Shirley Osborne,Montserratian,757086621,,
Nora Gúnera de Melgar,Hondura,757092750,,
Kathrine Chemnitz,Greenlandic,757102071,,
Augusta Salling,Greenlandic,757103267,,
Leilani Reklai,Palauan,757106724,,
Matatumua Maimoana,Samoan,757107378,,
Laulu Fetauimalemau Mata'afa,Samoan,757107952,,
Fahd bin Mahmoud al Said,Omani,757164616,,
Božena Viková-Kunětická,Czech Republic,757336278,,
Taymuraz Mamsurov,Ossetian,757343822,,
Agathe Fontain,Greenlandic,757539811,,
Ana Pessoa Pinto,East Timorese,757539934,,
Ane Hansen (politician),Greenlandic,757539958,,
Cassey Eggelton,Cook Island,757540405,,
Constance Simelane,Swaziland,757540600,,
Elizabeth Azcona Bocock,Hondura,757561950,,
Fiame Naomi Mata'afa,Samoan,757562316,,
Khouloud Daibes,Palestinian Territory,757565638,,
Menissa Rambally,Saint Lucian,757615710,,
Safuneitu'uga Pa'aga Neri,Samoan,757616961,,
Sandra Midence,Hondura,757617005,,
Violeta Menjívar,Salvadoran,757618572,,
Daniel Mukoko Samba,"Congo, Dem. Rep. of",757821887,,
Henry Latham Currey,Cape Colony,757832561,,
Premier of Nevis,Saint Kitts and Nevis,757950077,,
Santiago González (politician),Salvadoran,757977772,,
Rosa Amelia Guzmán,Salvadoran,758287489,,
Gloria Salguero Gross,Salvadoran,758288293,,
Mikuláš of Hus,Czech Republic,758942647,,
Gatoloaifaana Amataga Alesana-Gidlow,Samoan,758953501,,
Nahid al-Rayyis,Palestinian Territory,759387598,,
Gertruda Sekaninová-Čakrtová,Czech Republic,759446334,,
Yu In-chon,South Korean,760062536,,
Seydou Diarra,Ivorian,760303900,,
Gilbert Aké,Ivorian,760304267,,
Rawhi Fattouh,Palestinian Territory,760357919,,
Wasfi Kabha,Palestinian Territory,760375386,,
Omar Hammayil,Palestinian Territory,760380012,,
Mohammed Milhim,Palestinian Territory,760380700,,
Jeannot Ahoussou-Kouadio,Ivorian,760393381,,
Damian Greaves,Saint Lucian,760443772,,
Aleksandr Shavlokhov,South Ossetian,760473086,,
Merab Chigoev,South Ossetian,760473130,,
Gerasim Khugayev,South Ossetian,760473192,,
Igor Sanakoyev,South Ossetian,760473237,,
Zurab Kokoyev,South Ossetian,760473273,,
Rosa Bonaparte,East Timorese,760534473,,
Rawya Saud Al Busaidi,Omani,760558966,,
Adrian Davis (governor),Montserratian,762009545,,
Sainte Suzanne Melvil-Bloncourt,Guadeloupe,762128875,,
Tuala Ainiu Iusitino,Samoan,762572848,,
Antonio Bells,Palauan,762610456,,
Alibek Delimkhanov,Chechen,762868684,,
Sydney Gun-Munro,Saint Vincent and the Grenadines,762906552,,
Bailiff of Guernsey,Guernsey,762910285,,
Dolly Makambo Nawezi,"Congo, Dem. Rep. of",763323939,,
Francis Chaplin,Rhodesian,763530115,,
Roger Hawkins (politician),Rhodesian,763533706,,
George Mitchell (Rhodesia),Rhodesian,763540238,,
Asii Chemnitz Narup,Greenlandic,763742018,,
Robert Rex,Niuean,763768679,,
Norman George,Cook Island,763769083,,
John Tangi,Cook Island,763769086,,
Vai Peua,Cook Island,763769088,,
Teariki Heather,Cook Island,763769233,,
George Angene,Cook Island,763769688,,
Albert (Peto) Nicholas,Cook Island,763770488,,
Tupou Faireka,Cook Island,763774025,,
Mark Brown (Cook Islands),Cook Island,763774066,,
Nandi Glassie,Cook Island,763774069,,
Apii Piho,Cook Island,763775030,,
Winton Pickering,Cook Island,763775034,,
Albert Nicholas (Cook Islands),Cook Island,763775035,,
Vincent Ingram,Cook Island,763775867,,
Terepai Maoate Jnr,Cook Island,763775893,,
Toanui Isamaela,Cook Island,763776103,,
Tangata Vavia,Cook Island,763776191,,
Taunga Toka,Cook Island,763776193,,
Teremoana Tapi Taio,Cook Island,763776229,,
Tepure Tapaitau,Cook Island,763776231,,
Mapu Taia,Cook Island,763776235,,
Pupuke Robati,Cook Island,763776270,,
Wilkie Rasmussen,Cook Island,763776271,,
Tai Tura,Cook Island,763776737,,
Tekii Lazaro,Cook Island,763776768,,
Kura Strickland,Cook Island,763776806,,
Mii Parima,Cook Island,763776808,,
Joe Williams (Cook Islands politician),Cook Island,763776856,,
Kiriau Turepu,Cook Island,763776860,,
John Landau,Rhodesian,763870152,,
Germain Kambinga,"Congo, Dem. Rep. of",763943185,,
Byron Hove,Rhodesian,763951988,,
Haruo Remeliik,Palauan,764341685,,
Henri Konan Bédié,Ivorian,764345360,,
List of colonial and departmental heads of Guadeloupe,Guadeloupe,764397748,,
Richard Fell,Pitcairn Islands,764601118,,
Juan Alberto Melgar Castro,Hondura,764646645,,
Richard Ndambu Wolang,"Congo, Dem. Rep. of",764771546,,
Simon Mbatshi Batshia,"Congo, Dem. Rep. of",764771615,,
José Makila Sumanda,"Congo, Dem. Rep. of",764771652,,
Trésor Kapuku Ngoy,"Congo, Dem. Rep. of",764771697,,
Charles Mwando Simba,"Congo, Dem. Rep. of",764791046,,
Roman Tmetuchl,Palauan,765032190,,
Vice President of Palau,Palauan,765102210,,
Paul Niger,Guadeloupe,765272796,,
Henry Juta,Cape Colony,765333482,,
David Joaquín Guzmán,Salvadoran,765528693,,
Jules Fontaine Sambwa,"Congo, Dem. Rep. of",765570258,,
Fernanda Borges,East Timorese,765600414,,
Beibulat Taimiev,Chechen,765616552,,
Faisal Husseini,Palestinian Territory,765742925,,
Mabi Mulumba,"Congo, Dem. Rep. of",765799138,,
N'Singa Udjuu,"Congo, Dem. Rep. of",765799213,,
Sultani Makenga,"Congo, Dem. Rep. of",765834828,,
Petr Mlsna,Czech Republic,765838180,,
Josué Alex Mukendi,"Congo, Dem. Rep. of",765871730,,
Raymond Tshibanda,"Congo, Dem. Rep. of",765923988,,
Banza Mukalay,"Congo, Dem. Rep. of",765924619,,
Évariste Boshab,"Congo, Dem. Rep. of",765925554,,
Jóannes Eidesgaard,Faroese,765947137,,
Jógvan á Lakjuni,Faroese,765947416,,
Atapana Siakimotu,Niuean,766068997,,
Ahohiva Levi,Niuean,766068998,,
Bill Vakaafi Motufoou,Niuean,766069253,,
Pokotoa Sipeli,Niuean,766069256,,
Terry Coe,Niuean,766069372,,
Togiavalu Pihigia,Niuean,766069407,,
Hima Douglas,Niuean,766069520,,
Dalton Tagelagi,Niuean,766069576,,
Lyudvig Chibirov,South Ossetian,766130279,,
Vernon Tomes,Jersey,766480006,,
Affoussiata Bamba-Lamine,Ivorian,766524815,,
Marie-Ange Mushobekwa,"Congo, Dem. Rep. of",766647953,,
Francisco Gómez (El Salvador President),Salvadoran,766757526,,
Haidar Abdel-Shafi,Palestinian Territory,766784372,,
Inatio Akaruru,Cook Island,766806728,,
Nasser al-Shaer,Palestinian Territory,766840809,,
Hilary Squires,Rhodesian,766847256,,
Omar Abd al-Razaq,Palestinian Territory,766847361,,
Terepai Maoate,Cook Island,767048874,,
Deputy Prime Minister of the Cook Islands,Cook Island,767048881,,
Achille René-Boisneuf,Guadeloupe,767102866,,
"Azzan bin Qais, Sultan of Muscat and Oman",Omani,767183600,,
Surangel Whipps Jr.,Palauan,767195006,,
Maurice Antiste,Martinique,767223939,,
Lambert Amon Tanoh,Ivorian,767265950,,
Paul Adolphe Marie Prosper Granier de Cassagnac,Guadeloupe,767288808,,
Paul Alan Cox,Samoan,767363297,,
Adnan al-Husayni,Palestinian Territory,767482479,,
Simeon Jacobs,Cape Colony,767856232,,
Ziad Abu Amr,Palestinian Territory,767881055,,
Taimur bin Feisal,Omani,767885927,,
Atatoa Herman,Cook Island,767994335,,
Antonín Cyril Stojan,Czech Republic,768047769,,
Jean Andeka,"Congo, Dem. Rep. of",768228272,,
Jean-Louis Billon,Ivorian,768302622,,
Ziad Abuzayyad,Palestinian Territory,768374386,,
Ambrose Sherwill,Guernsey,768625520,,
Aimé Ngoy Mukena,"Congo, Dem. Rep. of",768670214,,
František Kubka,Czech Republic,768676716,,
David G. P. Taylor,Montserratian,768679602,,
Azzam al-Ahmad,Palestinian Territory,769135700,,
Leila Shahid,Palestinian Territory,769328020,,
Ivan Tavčar,Carniolan,769425247,,
Francisco Dueñas,Salvadoran,769575358,,
Robert Beugré Mambé,Ivorian,769591168,,
Michael Jackson (journalist),Niuean,770018880,,
Sarita Francis,Montserratian,770131970,,
Kim Wan-ju,South Korean,770622878,,
Park Yong-jin,South Korean,770623036,,
Rafael Zaldívar,Salvadoran,770682721,,
Abdourahmane Cissé,Ivorian,770710515,,
Lee Jong-kul,South Korean,770757174,,
Aleqa Hammond,Greenlandic,770757601,,
Kim Hyun-jong,South Korean,770760118,,
Richard Frederick,Saint Lucian,770812205,,
Oliver Plunkett (judge),Saint Lucian,770813700,,
Gale Rigobert,Saint Lucian,770814043,,
Frederick Ballantyne,Saint Vincent and the Grenadines,770827509,,
Terrance Ollivierre,Saint Vincent and the Grenadines,770829069,,
Duncan MacIntyre (New Zealand politician),Tokelauan,770994352,,
Milton Cato,Saint Vincent and the Grenadines,771015590,,
William Schreiner,Cape Colony,771024710,,
Enetama Lipitoa,Niuean,771152922,,
Sharm El Sheikh Memorandum,Palestinian Territory,771217707,,
Tuala Falenaoti Tiresa Malietoa,Samoan,771267864,,
David Brandt (politician),Montserratian,771351774,,
Bertrand Osborne,Montserratian,771351955,,
Percival Austin Bramble,Montserratian,771352057,,
Russell Marshall,Tokelauan,771460602,,
Toi Aukuso Cain,Samoan,771651038,,
Aimé Boji,"Congo, Dem. Rep. of",772045942,,
Isa Gendergenoevsky,Chechen,772274868,,
Léonard Mulamba,"Congo, Dem. Rep. of",772317052,,
"Kruger House, Pretoria",South African Republic,772410051,,
Noel K Tshiani Muadiamvita,"Congo, Dem. Rep. of",772818039,,
Nicolau dos Reis Lobato,East Timorese,772890380,,
Hussein al-Husayni,Palestinian Territory,773002344,,
Victor Sévère,Martinique,773080765,,
Riyad al-Maliki,Palestinian Territory,773227993,,
Philip Bailhache,Jersey,773230341,,
Heraldine Rock,Saint Lucian,773251387,,
Jean Poingdestre,Jersey,773316732,,
Alfonso Oiterong,Palauan,773405868,,
Vilma Cecilia Morales,Hondura,773563309,,
Josef Pfitzner,Czech Republic,773853256,,
Anfinn Kallsberg,Faroese,773895078,,
Kasongo Ilunga,"Congo, Dem. Rep. of",774263410,,
Shin Ki-ha,South Korean,774367693,,
Head of the Republic of North Ossetia-Alania,Ossetian,774555176,,
Peter Hanning,Jersey,774568909,,
Vladimír Franz,Czech Republic,774595725,,
Pierre Lumbi Okongo,"Congo, Dem. Rep. of",774679596,,
Vice-President of Ivory Coast,Ivorian,774756970,,
Vance Amory,Saint Kitts and Nevis,774778329,,
Yasser Abed Rabbo,Palestinian Territory,774821388,,
Cecil Dennistoun Burney,Rhodesian,774837666,,
Óscar Ortiz (El Salvador),Salvadoran,774857245,,
"Turki bin Said, Sultan of Muscat and Oman",Omani,774877670,,
Lee Chunhee,South Korean,775234175,,
Peter Josie,Saint Lucian,775241473,,
Ahn Dae-hee,South Korean,775458263,,
Ahn Gyu-baek,South Korean,775458608,,
Park Hong-keun,South Korean,775458639,,
George Strahan,Cape Colony,775481498,,
Isra al-Modallal,Palestinian Territory,775535912,,
Jamal Abu Samhadana,Palestinian Territory,775898615,,
Sani Lakatani,Niuean,775947817,,
Jan Stocklassa,Czech Republic,776095794,,
Jaroslav Krejčí,Czech Republic,776197284,,
Sufian Abu Zaida,Palestinian Territory,776289919,,
Boekenhoutfontein,South African Republic,776299184,,
Libuše Benešová,Czech Republic,776338134,,
Daniela Filipiová,Czech Republic,776338195,,
Jean Konan Banny,Ivorian,776348888,,
Jeannette Kavira Mapera,"Congo, Dem. Rep. of",776372644,,
Jeannine Compton-Antoine,Saint Lucian,776374386,,
Taysir Khalid,Palestinian Territory,776386870,,
Moses Porges von Portheim,Czech Republic,776487173,,
Jan Kasl,Czech Republic,776508129,,
Jiří Kittner,Czech Republic,776509425,,
Miloslav Vlček,Czech Republic,776513404,,
Ivo Svoboda (politician),Czech Republic,776513552,,
Hana Orgoníková,Czech Republic,776513802,,
Pavel Dostál,Czech Republic,776514175,,
John Bardwell Ebden,Cape Colony,776725178,,
Jiří Lobkowicz,Czech Republic,776751749,,
Ibrahim Nassar,Palestinian Territory,776831011,,
Ahn Sang-yeong,South Korean,777008205,,
Anwar Khatib,Palestinian Territory,777026878,,
Jang Deok-jin,South Korean,777070214,,
Johnson Toribiong,Palauan,777304756,,
Carlos Zúñiga Figueroa,Hondura,777334919,,
Josip Jurčič,Carniolan,777587526,,
Josip Vošnjak,Carniolan,777588436,,
José Adolfo Alvarado Lara,Hondura,777592070,,
José Damián Villacorta,Salvadoran,777601256,,
José Escolástico Marín,Salvadoran,777602660,,
José María Cornejo,Salvadoran,777612972,,
José María Peralta Lagos,Salvadoran,777613551,,
José María San Martín,Salvadoran,777613737,,
José María Silva,Salvadoran,777613786,,
Juan Carlos Zuniga,Hondura,777669643,,
Juan Manuel Rodríguez,Salvadoran,777685186,,
Juan Vicente Villacorta Díaz,Salvadoran,777698313,,
Julio Lozano Díaz,Hondura,777796210,,
Bohuslav Kokotek,Czech Republic,777876483,,
Alena Hanáková,Czech Republic,778095433,,
Katrine Larsen Lenner,Greenlandic,778461046,,
Edmund Wickham Lawrence (Governor-General),Saint Kitts and Nevis,778464259,,
Juan José Daboub,Salvadoran,778564487,,
Kerai Mariur,Palauan,778679721,,
Kete Ioane,Cook Island,778717694,,
Tom Davis (Cook Islands politician),Cook Island,778763952,,
Niki Rattle,Cook Island,778789714,,
Kim Jae-soon,South Korean,778915319,,
Kim Jin-sun,South Korean,778916810,,
Jamil Majdalawi,Palestinian Territory,779034357,,
Jan Hendrik Hofmeyr (Onze Jan),Cape Colony,779046359,,
William Alfred Young,Pitcairn Islands,779056744,,
Foreign Affairs Minister of the Palestinian National Authority,Palestinian Territory,779105366,,
Rabiha Diab,Palestinian Territory,779367907,,
O'Love Jacobsen,Niuean,779369629,,
Sisilia Talagi,Niuean,779369671,,
Salilo Tongia,Niuean,779369724,,
Va'aiga Tukuitonga,Niuean,779369750,,
Ada Mae Edwards,Saint Kitts and Nevis,779378782,,
Constance V. Mitcham,Saint Kitts and Nevis,779379168,,
Irena Kočí,Czech Republic,779417455,,
Martin Netolický,Czech Republic,779417738,,
David Rath,Czech Republic,779418369,,
Eva Nováková,Czech Republic,779498276,,
Vojtěch Adam,Czech Republic,779500408,,
Vlastimil Balín,Czech Republic,779500749,,
Jiří Dolejš,Czech Republic,779500957,,
Zuzka Bebarová-Rujbrová,Czech Republic,779501010,,
Marie Stiborová,Czech Republic,779501096,,
Jiří Svoboda (politician),Czech Republic,779501161,,
Miloslava Vostrá,Czech Republic,779501194,,
Jiří Čeřovský,Czech Republic,779501654,,
Jan Korger,Czech Republic,779501783,,
Kim Il-ung,South Korean,779544705,,
Koo Kyo-hyun,South Korean,779544873,,
Juan Carlos Valenzuela (politician),Hondura,779557210,,
Adalgisa Ximenes,East Timorese,779579546,,
Kateřina Jacques,Czech Republic,779581127,,
Jacqueline Oble,Ivorian,779741800,,
Tomáš Chalupa,Czech Republic,779839245,,
Pavel Blažek,Czech Republic,779839319,,
Aleš Řebíček,Czech Republic,779839400,,
Ivan Langer,Czech Republic,779839455,,
Jan Stráský,Czech Republic,779839492,,
Jan Chvojka,Czech Republic,779842639,,
Marie Benešová,Czech Republic,779847262,,
Juraj Chmiel,Czech Republic,779847492,,
Daniela Kovářová,Czech Republic,779847531,,
Rostislav Vondruška,Czech Republic,779847687,,
Martin Štěpánek (actor),Czech Republic,779847799,,
Helena Třeštíková,Czech Republic,779847837,,
Milena Vicenová,Czech Republic,779847883,,
Jaroslav Bašta,Czech Republic,779848743,,
Josef Lux,Czech Republic,779849059,,
Miroslav Macek,Czech Republic,779849258,,
Ladislav Miko,Czech Republic,779849694,,
Džamila Stehlíková,Czech Republic,779849767,,
José Arturo Vásquez Machado,Salvadoran,779894617,,
Andrés del Valle,Salvadoran,779931580,,
Vice-Presidents of the Democratic Republic of the Congo,"Congo, Dem. Rep. of",780035740,,
Jozef Moravčík,Czech Republic,780051829,,
Ji Sang-wook,South Korean,780227423,,
Lenard Montoute,Saint Lucian,780250934,,
Mark Partridge,Rhodesian,780260926,,
Janez Bleiweis,Carniolan,780281974,,
Milan Uhde,Czech Republic,780321961,,
Kaj Leo Johannesen,Faroese,780361487,,
František Pitra,Czech Republic,780534080,,
Oldřich Černík,Czech Republic,780534267,,
Maliina Abelsen,Greenlandic,780537008,,
Rigmor Dam,Faroese,780543271,,
Hanna Jensen,Faroese,780543417,,
Sonja Jógvansdóttir,Faroese,780543635,,
Karin Kjølbro,Faroese,780543692,,
Lilian Mercedes Letona,Salvadoran,780552804,,
Carlos Quintanilla Schmidt,Salvadoran,780701356,,
Odilon Kafitwe wa pa Bowa,"Congo, Dem. Rep. of",780757242,,
Muagututagata Peter Ah Him,Samoan,780759402,,
Otakar Motejl,Czech Republic,780868492,,
Ludwig Czech,Czech Republic,780887131,,
Rudolf Beran,Czech Republic,780921783,,
Enrique Álvarez Córdova,Salvadoran,781102914,,
Chung Hong-won,South Korean,781133659,,
Kim Byong-joon,South Korean,781134255,,
Winston Pond,Montserratian,781452925,,
Jóannes Patursson,Faroese,781915668,,
Victor Adler,Czech Republic,782058966,,
Ahmed Hilmi Pasha,Palestinian Territory,782105397,,
Sua Rimoni Ah Chong,Samoan,782134923,,
Louis Alphonse Koyagialo,"Congo, Dem. Rep. of",782350026,,
Louis George (politician),Saint Lucian,782356881,,
Emil Beier,Czech Republic,782384016,,
Ibragim Khultygov,Chechen,782430810,,
Luamanuvao Winnie Laban,Samoan,782465136,,
Hong Ihk-pyo,South Korean,782498395,,
Arturo Araujo,Salvadoran,782520448,,
Prime Minister of Rhodesia,Rhodesian,782602484,,
Luzolo Bambi Lessa,"Congo, Dem. Rep. of",782618365,,
Akhsarbek Galazov,Ossetian,782634776,,
Jeon Soon-ok,South Korean,782649404,,
Rubén Alonso Rosales,Salvadoran,782652818,,
President of Palau,Palauan,782714724,,
Governor of Pitcairn,Pitcairn Islands,782764117,,
Order of Merit of Samoa,Samoan,782768517,,
Jonas Mukamba Kadiata Nzemba,"Congo, Dem. Rep. of",782825984,,
Majida Al-Masri,Palestinian Territory,783041670,,
Bruno Kafka,Czech Republic,783065752,,
Badr bin Saud al Busaidi,Omani,783116680,,
Leo Cardwell Ross,Rhodesian,783150296,,
Josiah Gondo,Rhodesian,783150589,,
Charles Abercrombie Smith,Cape Colony,783249147,,
Charles Brownlee,Cape Colony,783250295,,
Dunduzu Chisiza,Rhodesian,783301534,,
Marcel Gargar,Guadeloupe,783350704,,
Arthur Z'ahidi Ngoma,"Congo, Dem. Rep. of",783354232,,
Marcella Liburd,Saint Kitts and Nevis,783358108,,
State President of the South African Republic,South African Republic,783371989,,
Mariano Prado,Salvadoran,783472679,,
Mario Alexander Barahona Martínez,Hondura,783532382,,
Mario Canahuati,Hondura,783534612,,
Mario Michel,Saint Lucian,783539672,,
Sapa'u Ruperake Petaia,Samoan,783679600,,
Lucie Talmanová,Czech Republic,783711789,,
Martin Mejstřík,Czech Republic,783737915,,
Martin Williams (diplomat),Pitcairn Islands,783746509,,
Mary Rose Tuitt,Montserratian,783821985,,
María Sumire,Incan,783850857,,
Movladi Udugov,Chechen,783907075,,
Matías Funes,Hondura,784048015,,
Dean of Jersey,Jersey,784051930,,
Vlastimil Tusar,Czech Republic,784145485,,
Doku Zavgayev,Chechen,784167327,,
Emile Mota,"Congo, Dem. Rep. of",784182810,,
Mark Brantley,Saint Kitts and Nevis,784208810,,
Emil Ghuri,Palestinian Territory,784373796,,
Ernest Boka,Ivorian,784395089,,
Le Mamea Ropati,Samoan,784413731,,
Erlendur Patursson,Faroese,784440060,,
"Alexander Coutanche, Baron Coutanche",Jersey,784462137,,
Pío Romero Bosque,Salvadoran,784506431,,
Allan Ross Welsh,Rhodesian,784562559,,
Ali Jarbawi,Palestinian Territory,784662302,,
Frederick Tutu Goodwin,Cook Island,784686871,,
Geoffrey Rowland,Guernsey,784691815,,
George Cathcart,Cape Colony,784693349,,
Henry Harvey Williams,Saint Vincent and the Grenadines,784724223,,
Henry Torrens,Cape Colony,784726341,,
John Moore Caldicott,Rhodesian,784757829,,
John Ralph Beaumont,Rhodesian,784758963,,
Frederick Schermbrucker,Cape Colony,784765242,,
Leonard Ray Morgan,Rhodesian,784769027,,
List of Bailiffs of Guernsey,Guernsey,784770354,,
Monica Dacon,Saint Vincent and the Grenadines,784784479,,
Ngamau Munokoa,Cook Island,784786128,,
Raleigh Grey,Rhodesian,784826325,,
Petr Bendl,Czech Republic,784826685,,
Petr Gandalovič,Czech Republic,784826720,,
Richard Solomon (Attorney General),Cape Colony,784829553,,
Robert Clarkson Tredgold,Rhodesian,784830601,,
Robert James Hudson,Rhodesian,784831407,,
Terry Le Sueur,Jersey,784849252,,
Tony Longrigg,Montserratian,784856577,,
Walter Hely-Hutchinson,Cape Colony,784862369,,
William Harper (Rhodesian politician),Rhodesian,784870217,,
Deborah Barnes-Jones,Montserratian,784875662,,
Tomáš Vandas,Czech Republic,784968648,,
Rowan Cronjé,Rhodesian,784974615,,
Jamal al-Jamal,Palestinian Territory,784977752,,
Robert Mayr-Harting,Czech Republic,785085345,,
Marie Grace Augustin,Saint Lucian,785101569,,
Aziz Aliyev,Dagestani,785202362,,
Alfonso Quiñónez Molina,Salvadoran,785229840,,
Lee Hae-chan,South Korean,785317852,,
Karel Havlíček Borovský,Czech Republic,785407597,,
David Aubrey Scott,Pitcairn Islands,785508390,,
Mukhu Aliyev,Dagestani,785532389,,
Tui Manuʻa Elisala,Samoan,785553682,,
Henry White (Cape Treasurer General),Cape Colony,785566972,,
Ntfombi of Swaziland,Swaziland,785654533,,
Jamal al-Husayni,Palestinian Territory,785938135,,
Musa al-Husayni,Palestinian Territory,785938199,,
Salim al-Husayni,Palestinian Territory,785938222,,
Jorge Meléndez,Salvadoran,786063735,,
Carmen Elena Figueroa,Salvadoran,786068145,,
Jacobus Wilhelmus Sauer,Cape Colony,786142993,,
Jan Černý,Czech Republic,786162238,,
María Antonieta de Bográn,Hondura,786165176,,
Don Filleul,Jersey,786175308,,
Zakan Jugelia,Abkhazia,786203824,,
Head of the Chechen Republic,Chechen,786231010,,
Guy Powles,Tokelauan,786375181,,
Paulin Brune,French Guiana,786385007,,
Josef Frank (politician),Czech Republic,786399604,,
Felipe Codallos,Salvadoran,786492357,,
Tomás Regalado (Salvadoran politician),Salvadoran,786492366,,
Lambert Mende Omalanga,"Congo, Dem. Rep. of",786579616,,
Edgar Whitehead,Rhodesian,786601705,,
Philip Kinsky of Wchinitz and Tettau,Czech Republic,786612217,,
Henry Puna,Cook Island,786648340,,
Henry Hamilton Beamish,Rhodesian,786659504,,
Justine Kasa-Vubu,"Congo, Dem. Rep. of",786751925,,
Mata'afa,Samoan,786776338,,
Charles Lennox Stretch,Cape Colony,786803200,,
Cléophas Kamitatu,"Congo, Dem. Rep. of",786874201,,
John Tengo Jabavu,Cape Colony,786916027,,
Philip John Stigant,Cape Colony,786972727,,
Kuniwo Nakamura,Palauan,786992351,,
Augustus Asplet Le Gros,Jersey,787012860,,
Philippe Langlois,Jersey,787046159,,
Moana Ioane,Cook Island,787050138,,
Lionel Cripps,Rhodesian,787105083,,
Étienne Mentor,Martinique,787128336,,
A. R. Colquhoun,Rhodesian,787147677,,
Mairbek Sheripov,Chechen,787163671,,
Mustafa Barghouti,Palestinian Territory,787198183,,
Marguerite Story,Cook Island,787227714,,
François Amichia,Ivorian,787310676,,
Ernest Moutoussamy,Guadeloupe,787332894,,
Jean Nguza Karl-i-Bond,"Congo, Dem. Rep. of",787378464,,
Abdel Hafiz Nofal,Palestinian Territory,787385830,,
Agnethe Davidsen,Greenlandic,787423025,,
Aboubakar Diaby Ouattara,Ivorian,787437447,,
Zaki al-Ghul,Palestinian Territory,787447130,,
Oslo I Accord,Palestinian Territory,787453135,,
Polataivao Fosi,Samoan,787519332,,
Henry Pottinger,Cape Colony,787552653,,
Adam Bombolé,"Congo, Dem. Rep. of",787602247,,
Transvaal Civil War,South African Republic,787611475,,
Gerty Archimede,Guadeloupe,787680195,,
Adly Yaish,Palestinian Territory,787691185,,
Adolphe Lumanu,"Congo, Dem. Rep. of",787715913,,
Adolphe Muzito cabinet,"Congo, Dem. Rep. of",787716080,,
Justin Marie Bomboko,"Congo, Dem. Rep. of",787797355,,
John McChlery,Rhodesian,787854502,,
"Salim bin Thuwaini, Sultan of Muscat and Oman",Omani,787929352,,
Luboš Dobrovský,Czech Republic,787952395,,
Bedřich Moldan,Czech Republic,787952868,,
Diane Lewis (Guernsey legislator),Guernsey,787954113,,
Wendy Morgan (politician),Guernsey,787954138,,
Sarah Craig Ferguson,Jersey,787955357,,
Wendy Kinnard,Jersey,787955613,,
Iris Le Feuvre,Jersey,787956265,,
Judy Martin (politician),Jersey,787956300,,
Kristina Moore,Jersey,787956364,,
Susan Pinel,Jersey,787956392,,
Shona Pitman,Jersey,787956492,,
Anne Pryke,Jersey,787956513,,
Corrie Stein,Jersey,787956597,,
Tracey Vallois,Jersey,787957954,,
Attorney General of Saint Kitts and Nevis,Saint Kitts and Nevis,787971501,,
Camillo Gonsalves,Saint Vincent and the Grenadines,787976333,,
Christian Atoki Ileka,"Congo, Dem. Rep. of",787978838,,
Intissar al-Wazir,Palestinian Territory,788004334,,
Martin Palouš,Czech Republic,788015952,,
Milena Pires,East Timorese,788017619,,
Muhammad Abu Tir,Palestinian Territory,788019130,,
"Palestinian general election, 1996",Palestinian Territory,788023506,,
Paul Joseph Mukungubila Mutombo,"Congo, Dem. Rep. of",788024194,,
Protocol Concerning the Redeployment in Hebron,Palestinian Territory,788026998,,
Ferdinand Essandja,"Congo, Dem. Rep. of",788054013,,
Youssouf Bakayoko,Ivorian,788065543,,
Thomas Charles Scanlen,Cape Colony,788098639,,
Hermann Zwierzina,Czech Republic,788121309,,
Yousef al-Khalidi,Palestinian Territory,788159128,,
Eduard Zeman,Czech Republic,788178766,,
List of mayors of Nablus,Palestinian Territory,788189214,,
Clement Arrindell,Saint Kitts and Nevis,788231533,,
Médard Albrand,Guadeloupe,788239179,,
Apenera Short,Cook Island,788240713,,
Doroteo Vasconcelos,Salvadoran,788264133,,
Henry Lémery,Martinique,788271645,,
Harold Smedley,Pitcairn Islands,788318957,,
Chantal Compaoré,Ivorian,788330706,,
Saul Solomon,Cape Colony,788361321,,
Richard Bienert,Czech Republic,788410657,,
Désiré Tagro,Ivorian,788421683,,
Khalil al-Hayya,Palestinian Territory,788437086,,
Peter de Havilland,Guernsey,788446515,,
Alfredo Cristiani,Salvadoran,788447923,,
Alfredo Pires,East Timorese,788450147,,
Mamadou Koulibaly,Ivorian,788462808,,
Martin Kabwelulu,"Congo, Dem. Rep. of",788465848,,
Pascal Affi N'Guessan,Ivorian,788498433,,
Mana Strickland,Cook Island,788499686,,
President of the Palestinian National Authority,Palestinian Territory,788509815,,
Tommy Remengesau,Palauan,788566799,,
Thomas Remengesau Sr.,Palauan,788566961,,
Ngiratkel Etpison,Palauan,788567219,,
Fathi Ahmad Hammad,Palestinian Territory,788591724,,
Tony Tuimavave,Samoan,788649434,,
Alphonso Theodore Roberts,Saint Vincent and the Grenadines,788672768,,
Thomas Upington,Cape Colony,788717893,,
Alvina Reynolds,Saint Lucian,788727127,,
Alfred Almont,Martinique,788793894,,
Thierry Robert,French Guiana,788799439,,
Louis-Joseph Manscour,Martinique,788807319,,
Juliana Rimane,French Guiana,788807577,,
Joël Beaugendre,Guadeloupe,788807612,,
Hélène Vainqueur-Christophe,Guadeloupe,788810121,,
Gabrielle Louis-Carabin,Guadeloupe,788814960,,
Daniel Marsin,Guadeloupe,788815849,,
Étienne Djaument,Ivorian,788825623,,
Victor Biaka Boda,Ivorian,788825785,,
Thélus Léro,Martinique,788825794,,
Raphaël Etifier,Martinique,788825979,,
Pierre Monnerville,Guadeloupe,788826068,,
Paul Symphor,Martinique,788827072,,
Lucius-Duquesnes Gustave,Guadeloupe,788827709,,
Lucien Bernier,Guadeloupe,788827724,,
Loubo Augustin Djessou,Ivorian,788827789,,
Jules Patient,French Guiana,788827828,,
Rahila Al Riyami,Omani,788828342,,
Gaston Monnerville,French Guiana,788828507,,
Eugénie Éboué-Tell,French Guiana,788828649,,
Clovis Renaison,Guadeloupe,788828762,,
Christiane Taubira,French Guiana,788828802,,
Léopold Héder,French Guiana,788830652,,
Léon Bertrand,French Guiana,788837401,,
William (Smiley) Heather,Cook Island,788897273,,
Rose Toki-Brown,Cook Island,788897549,,
Teina Bishop,Cook Island,788898457,,
Pumati Israela,Cook Island,788899523,,
Abdullah Rimawi,Palestinian Territory,788953220,,
William Henry Bramble,Montserratian,788976365,,
Yahya Hammuda,Palestinian Territory,788988278,,
Justin Catayée,French Guiana,789009266,,
Niels Winther Poulsen,Faroese,789029085,,
Raul Eshba,Abkhazia,789039267,,
Andrej Einspieler,Carniolan,789072979,,
Václav Hampl,Czech Republic,789102318,,
Andries Stockenström (judge),Cape Colony,789120101,,
Hani al-Hassan,Palestinian Territory,789228790,,
Robert Wynyard,Cape Colony,789258720,,
Ivan Lorković,Carniolan,789263095,,
Janko Kersnik,Carniolan,789273199,,
Bjørt Samuelsen,Faroese,789306157,,
Jenis av Rana,Faroese,789307497,,
Heðin Mortensen,Faroese,789307569,,
Rasmus Effersøe,Faroese,789307632,,
Trygvi Samuelsen,Faroese,789308387,,
Eilif Samuelsen,Faroese,789308554,,
Jógvan Skorheim,Faroese,789310556,,
Alu Alkhanov,Chechen,789327678,,
Adam Delimkhanov,Chechen,789328171,,
Alexander Dzasokhov,Ossetian,789328182,,
Magomedali Magomedov,Dagestani,789329935,,
Gabriel Serville,French Guiana,789340739,,
Antipas Mbusa,"Congo, Dem. Rep. of",789437538,,
Aké Loba,Ivorian,789476691,,
Laurent Mbariko,"Congo, Dem. Rep. of",789487250,,
Jeremiah Chirau,Rhodesian,789545107,,
Miroslav Grebeníček,Czech Republic,789546047,,
Vlasta Štěpová,Czech Republic,789546066,,
Egon Lánský,Czech Republic,789546079,,
Antonín Prachař,Czech Republic,789546102,,
Milan Horálek,Czech Republic,789546147,,
Orle Solís,Hondura,789599196,,
Sergio Arturo Castellanos,Hondura,789599235,,
Hipólita Rodríguez,Hondura,789599241,,
German Leitzelar,Hondura,789599248,,
Marco Antonio Andino,Hondura,789599260,,
Lisandro Mauricio Arias,Hondura,789599265,,
José Azcona Bocock,Hondura,789599272,,
Yadira Bendaña,Hondura,789599288,,
José Rosario Bonano,Hondura,789599294,,
Romualdo Bueso Melghem,Hondura,789599300,,
Teófilo Enamorado,Hondura,789599316,,
Gabo Alfredo Jalil,Hondura,789599319,,
Eleazar Alexander Juárez,Hondura,789599323,,
Carlos Alfredo Lara Watson,Hondura,789599331,,
Wenceslao Lara Orellana,Hondura,789599336,,
Maria Aracely Leiva,Hondura,789599343,,
Fredy Renán Nájera,Hondura,789599348,,
Waldina Paz,Hondura,789599355,,
Jesús Dagoberto Perdomo,Hondura,789599360,,
Modesto Rodas Alvarado,Hondura,789599369,,
Erick Mauricio Rodríguez,Hondura,789599374,,
Víctor Rolando Sabillón,Hondura,789599381,,
Dennis Antonio Sánchez,Hondura,789599388,,
Elman Joel Sandoval,Hondura,789599393,,
Mario Edgardo Segura,Hondura,789599398,,
Perla Simons,Hondura,789599401,,
Felipe Zúniga del Cid,Hondura,789599406,,
Juan Francisco Argeñal,Hondura,789599415,,
Nasry Asfura,Hondura,789599418,,
Yaudet Burbara,Hondura,789599427,,
Oscar Orlando Burgos,Hondura,789599429,,
Wilfredo Bustillo Castellanos,Hondura,789599434,,
Victoria Carrasco,Hondura,789599444,,
Gladys Bernarda Casco,Hondura,789599449,,
Rigoberto Chang Castillo,Hondura,789599455,,
María Teresa Chávez,Hondura,789599463,,
Alberto Chedrani,Hondura,789599476,,
Celín Discua,Hondura,789599485,,
Martha Concepción Figueroa,Hondura,789599488,,
Brenda Mercedes Flores,Hondura,789599496,,
Julio César Gámez Interiano,Hondura,789599506,,
Roberto Gámez Panchamé,Hondura,789599509,,
Miguel Ángel Gámez,Hondura,789599513,,
Lorena Enriqueta Herrera,Hondura,789599522,,
Rodolfo Irias Navas,Hondura,789599528,,
Abraham Kafati Díaz,Hondura,789599532,,
Juan Fernando Lobo,Hondura,789599542,,
Miguel Edgardo Martínez,Hondura,789599547,,
Eliseo Noel Mejía,Hondura,789599561,,
Oscar Ramón Nájera,Hondura,789599562,,
Claudio Roberto Perdomo,Hondura,789599568,,
Mario Alonso Pérez López,Hondura,789599570,,
Milton Jesús Puerto,Hondura,789599575,,
Oswaldo Ramos Soto,Hondura,789599581,,
Donaldo Ernesto Reyes,Hondura,789599586,,
Antonio Rivera Callejas,Hondura,789599589,,
José Juan Rivera Ramos,Hondura,789599594,,
Salvador Valeriano Pineda,Hondura,789599607,,
Welsy Vásquez,Hondura,789599609,,
José Rodolfo Zelaya,Hondura,789599615,,
Yessenia Coely Zelaya,Hondura,789599618,,
Adela Elizabeth Zúñiga,Hondura,789599620,,
Ramón Villeda Bermúdez,Hondura,789600726,,
Jorge Aguilar Paredes,Hondura,789600760,,
Andrés Pavón,Hondura,789600953,,
Marvin Ponce,Hondura,789600975,,
Jorge Elvir,Hondura,789601015,,
Rodolfo Padilla Sunseri,Hondura,789601536,,
"John de Villiers, 1st Baron de Villiers",Cape Colony,789675927,,
Ivan Šusteršič,Carniolan,789681987,,
Winston Field,Rhodesian,789689591,,
Louis Zachariasen,Faroese,789708924,,
"Sir Philip Carteret, 1st Baronet",Jersey,789753704,,
"Sir Philip Carteret, 2nd Baronet",Jersey,789753711,,
Arnhim Eustace,Saint Vincent and the Grenadines,789761357,,
List of rulers of Oman,Omani,789761641,,
Arsene James,Saint Lucian,789789654,,
Bagrat Shinkuba,Abkhazia,789818648,,
Samson Chanba,Abkhazia,789818730,,
Alfred Marie-Jeanne,Martinique,789854706,,
Union of Congolese Patriots,"Congo, Dem. Rep. of",789898887,,
John Kemys Spencer-Churchill,Montserratian,789918293,,
Gavin St Pier,Guernsey,789938377,,
Rodolphe Alexandre,French Guiana,789939904,,
Georges Othily,French Guiana,789940008,,
Aslambek Aslakhanov,Chechen,789949907,,
Aslanbek Bulatsev,South Ossetian,789950396,,
Raynold Oilouch,Palauan,789983618,,
Howard Unwin Moffat,Rhodesian,790010191,,
Bheki Dlamini,Swaziland,790010530,,
Bhekimpi Dlamini,Swaziland,790010540,,
Jameson Mbilini Dlamini,Swaziland,790010556,,
Lutfo Dlamini,Swaziland,790010558,,
Mabandla Dlamini,Swaziland,790010563,,
Makhosini Dlamini,Swaziland,790010573,,
Mphiwa Dlamini,Swaziland,790010577,,
Obed Dlamini,Swaziland,790010578,,
Paul Dlamini,Swaziland,790010579,,
Themba Dlamini,Swaziland,790010705,,
Njabulo Mabuza,Swaziland,790010716,,
Charles Myeza,Swaziland,790010723,,
Sishayi Nxumalo,Swaziland,790010729,,
Paul Shabangu,Swaziland,790010732,,
Trusty Gina,Swaziland,790010783,,
Marwick Khumalo,Swaziland,790010820,,
Lazarus Salii,Palauan,790011394,,
Prince Sozisa Dlamini,Swaziland,790090661,,
Albertine Baclet,Guadeloupe,790100830,,
Yu Myung-hwan,South Korean,790178486,,
Yoon Young-kwan,South Korean,790178940,,
Yoon Jeung-hyun,South Korean,790179508,,
Suh Sang-chul,South Korean,790180349,,
Philipp von Cobenzl,Carniolan,790213148,,
Aya Virginie Toure,Ivorian,790279945,,
Azarias Ruberwa,"Congo, Dem. Rep. of",790305725,,
Antonín Novotný,Czech Republic,790372008,,
Ngedikes Olai Uludong,Palauan,790410665,,
Mireya Agüero,Hondura,790412309,,
María Dolores Agüero,Hondura,790412332,,
Sarah Flood-Beaubrun,Saint Lucian,790422420,,
Sandra Pierantozzi,Palauan,790423026,,
Bak Maeng-woo,South Korean,790471224,,
"Henry Carteret, 1st Baron Carteret",Jersey,790484914,,
Banyingela Kasonga,"Congo, Dem. Rep. of",790586686,,
Zuzana Brzobohatá,Czech Republic,790608148,,
Alena Palečková,Czech Republic,790608180,,
Zuzana Roithová,Czech Republic,790608186,,
Reuben Meade,Montserratian,790614135,,
Andreas Fakudze,Swaziland,790636139,,
Salesio Lui,Tokelauan,790644183,,
Kuresa Nasau,Tokelauan,790644216,,
Patuki Isaako,Tokelauan,790644404,,
Kolouei O'Brien,Tokelauan,790647368,,
Bashir Barghouti,Palestinian Territory,790695172,,
Bassam as-Salhi,Palestinian Territory,790721748,,
Anicet Kashamura,"Congo, Dem. Rep. of",790738130,,
"List of MPs elected in the Czech legislative election, 2017",Czech Republic,790838510,,
List of high commissioners of the United Kingdom to New Zealand,Pitcairn Islands,790881651,,
Sophie Kanza,"Congo, Dem. Rep. of",790942655,,
Bertrand Bisimwa,"Congo, Dem. Rep. of",791074307,,
Francis Weston,Guernsey,791169532,,
Bernard Zadi Zaourou,Ivorian,791177695,,
Betty Christian,Pitcairn Islands,791265995,,
Martin Jahn,Czech Republic,791374581,,
Lee Wan-koo,South Korean,791389950,,
Jacques Cornano,Guadeloupe,791685556,,
Jacques Gillot,Guadeloupe,791685684,,
Antoine Karam,French Guiana,791685731,,
Georges Patient,French Guiana,791685933,,
Ruslan Khasbulatov,Chechen,791803238,,
Óscar Osorio,Salvadoran,791821555,,
Khalida Jarrar,Palestinian Territory,791881528,,
Tuimaleali'ifano,Samoan,791884820,,
Rosa Elena Bonilla,Hondura,791906998,,
Xiomara Castro,Hondura,791907048,,
Lourdes Rodríguez de Flores,Salvadoran,791907279,,
Álvaro Magaña,Salvadoran,791907345,,
Salvador Castaneda Castro,Salvadoran,791911972,,
Wilfred Bennett Davidson-Houston,Montserratian,791981452,,
List of Presidents of Somaliland,Somaliland,792010538,,
Charles Kisolokele,"Congo, Dem. Rep. of",792037043,,
Kim Chang-ryong,South Korean,792037093,,
Eduardo Gauggel Medina,Hondura,792070727,,
Philip Edmond Wodehouse,Cape Colony,792178662,,
Julio Adalberto Rivera Carballo,Salvadoran,792385744,,
Tapley Seaton,Saint Kitts and Nevis,792406694,,
Pavel Rychetský,Czech Republic,792417439,,
Richard Collas,Guernsey,792424069,,
Gustáv Slamečka,Czech Republic,792476721,,
Frank Walker (Jersey politician),Jersey,792567273,,
Annika Olsen,Faroese,792595685,,
Kamel al-Budeiri,Palestinian Territory,792611747,,
Zuheir Mohsen,Palestinian Territory,792615206,,
Magomedsalam Magomedov,Dagestani,792949749,,
Élie Castor,French Guiana,793002652,,
"Heroes' Acre, Pretoria",South African Republic,793010122,,
Edvard Kožušník,Czech Republic,793087579,,
Dave Solomon (rugby),Samoan,793129536,,
Carlos Escaleras,Hondura,793178396,,
Carlos Gabriel Kattán,Hondura,793179072,,
Carlos Ramón Aguilar Guifarro,Hondura,793183704,,
Carlos Salazar Castro,Salvadoran,793184472,,
Carolyn Labey,Jersey,793221391,,
Mário Viegas Carrascalão,East Timorese,793270640,,
Páll á Reynatúgvu,Faroese,793276089,,
Atli Dam,Faroese,793277402,,
Thomas Dundas (British Army officer),Guadeloupe,793286976,,
Va'ai Kolone,Samoan,793294077,,
Maurice Satineau,Guadeloupe,793353218,,
Henrik Old,Faroese,793353435,,
Victor Carey,Guernsey,793355768,,
Marita Petersen,Faroese,793394960,,
Cecil Stanley Harrison,Jersey,793405839,,
Antoine Ghonda,"Congo, Dem. Rep. of",793411567,,
Ndumiso Mamba,Swaziland,793428048,,
José Abílio Osório Soares,East Timorese,793454583,,
Chantal Berthelot,French Guiana,793613477,,
Maximiliano Hernández Martínez,Salvadoran,793642670,,
Jan Masaryk,Czech Republic,793642926,,
Charles Aken Fairbridge,Cape Colony,793643575,,
Charles Konan Banny,Ivorian,793682835,,
Abdel-Razak al-Yehiyeh,Palestinian Territory,793718428,,
Elizabeth Carriere,Montserratian,793896767,,
Tamaseu Leni Warren,Samoan,793926721,,
Reynaldo Galindo Pohl,Salvadoran,794052085,,
Raymond Guilliod,Guadeloupe,794067588,,
Abdoulaye Yerodia Ndombasi,"Congo, Dem. Rep. of",794072384,,
Paul Bolya,"Congo, Dem. Rep. of",794134715,,
Jan Koukal,Czech Republic,794146543,,
Abu Ali Mustafa,Palestinian Territory,794170874,,
Sergey Abramov (politician),Chechen,794171049,,
William Howley Goodenough,Cape Colony,794193433,,
Christine Adjobi,Ivorian,794194775,,
Mata'afa Iosefo,Samoan,794202189,,
George Thomas Napier,Cape Colony,794346758,,
Ciro Cruz Zepeda,Salvadoran,794459622,,
Salah Khalaf,Palestinian Territory,794482018,,
José Alfredo Saavedra,Hondura,794482135,,
Ken Flower,Rhodesian,794528943,,
Ana Ligia Mixco Sol de Saca,Salvadoran,794561394,,
"Clarens, Switzerland",South African Republic,794593079,,
Malek Bin Sulaiman Al Ma'amari,Omani,794599835,,
Yun Duk-min,South Korean,794638210,,
William Butler (British Army officer),Cape Colony,794705198,,
"Said bin Sultan, Sultan of Muscat and Oman",Omani,794725141,,
Konris Maynard,Saint Kitts and Nevis,794794927,,
Robert Wigmore,Cook Island,794802546,,
Pukeiti Pukeiti,Cook Island,794802590,,
Malik Saidullaev,Chechen,794893770,,
Meralda Warren,Pitcairn Islands,794905581,,
Léon Damas,French Guiana,794908987,,
Carlos Humberto Romero,Salvadoran,794988963,,
Pavel Bém,Czech Republic,794995687,,
Kamal Nasser,Palestinian Territory,795004000,,
List of Bailiffs of Jersey,Jersey,795069319,,
"List of MPs elected in the Czech legislative election, 2013",Czech Republic,795098385,,
Elias Camsek Chin,Palauan,795139723,,
Joseph Chatoyer,Saint Vincent and the Grenadines,795283194,,
Louis Straker,Saint Vincent and the Grenadines,795343481,,
Andrew Skeen (Rhodesia),Rhodesian,795348776,,
Hugh Beadle,Rhodesian,795369277,,
Vít Bárta,Czech Republic,795377941,,
Hugh Marshall Hole,Rhodesian,795483112,,
Cheong Yang-seog,South Korean,795546187,,
Chin Young,South Korean,795546191,,
Kim Kwan-yong,South Korean,795546228,,
Lee Hahn-koo,South Korean,795546245,,
Lee Jung-hyun (politician),South Korean,795546256,,
Ana María,Salvadoran,795573859,,
"Sir George Yonge, 5th Baronet",Cape Colony,795625420,,
Afega Gaualofa,Tokelauan,795631781,,
Siopili Perez,Tokelauan,795633170,,
Current members of Palestinian Legislative Council,Palestinian Territory,795648388,,
Victoria Treadell,Pitcairn Islands,795649021,,
President of South Ossetia,South Ossetian,795669553,,
John Le Couteur,Jersey,795676915,,
César Ham,Hondura,795765167,,
Karl Kautsky,Czech Republic,795807571,,
Karl von Czyhlarz,Czech Republic,795809115,,
Robert Llewellyn Bradshaw,Saint Kitts and Nevis,796076948,,
Jim Perchard,Jersey,796095584,,
Freddy Matungulu,"Congo, Dem. Rep. of",796099032,,
Fathi Hamad,Palestinian Territory,796124047,,
Arturo Armando Molina,Salvadoran,796131598,,
Pauli Ellefsen,Faroese,796170338,,
Bryan Ian Le Marquand,Jersey,796170389,,
Rasmus Rasmussen (writer),Faroese,796170437,,
Mario Fernando Hernández,Hondura,796180350,,
Charles Richard Parkin Christian,Pitcairn Islands,796203049,,
Warren Clive Christian,Pitcairn Islands,796203180,,
Jay Warren,Pitcairn Islands,796203252,,
Václav Fresl,Czech Republic,796253432,,
Dzeliwe of Swaziland,Swaziland,796256782,,
Eduardo Gauggel Rivas,Hondura,796291215,,
Ale Vena Ale,Samoan,796309750,,
Christoffel Brand,Cape Colony,796352977,,
Keneti Sio,Samoan,796377891,,
Josef Václav Frič,Czech Republic,796403608,,
Robert Alston,Pitcairn Islands,796592041,,
Bernard Martínez Valerio,Hondura,796597000,,
Felicito Ávila,Hondura,796635107,,
Henry Barkly,Cape Colony,796646347,,
Musa Alami,Palestinian Territory,796697881,,
Patricia Rodas,Hondura,796709335,,
Roque Rodrigues,East Timorese,796722416,,
Togia Sioneholo,Niuean,796747380,,
Tomáš Zdechovský,Czech Republic,796749458,,
Andrea Češková,Czech Republic,796751775,,
Dana Kuchtová,Czech Republic,796752629,,
Rudolf Margolius,Czech Republic,796825099,,
Avelino Coelho da Silva,East Timorese,796886084,,
Sagid Murtazaliev,Dagestani,796896055,,
Palestinian Declaration of Independence,Palestinian Territory,796911861,,
Ahmad Kurd,Palestinian Territory,796924085,,
Alla Dzhioyeva,Ossetian,796950389,,
Amin al-Majaj,Palestinian Territory,796961464,,
Aziz Duwaik,Palestinian Territory,797021613,,
Lord Charles Somerset,Cape Colony,797029963,,
Manuel Tilman,East Timorese,797040695,,
Simeon Daniel,Saint Kitts and Nevis,797053483,,
Ahmed Yassin,Palestinian Territory,797122322,,
Carlos Eugenio Vides Casanova,Salvadoran,797151261,,
Charles Blé Goudé,Ivorian,797168824,,
Akhmed Zakayev,Chechen,797214106,,
Butterworth Stavely,Pitcairn Islands,797221428,,
Sheikh Mansur,Chechen,797258871,,
Isabel da Costa Ferreira,East Timorese,797279277,,
John Henry (Cook Islands politician),Cook Island,797303432,,
Geoffrey Henry,Cook Island,797303508,,
Albert Henry (politician),Cook Island,797303536,,
Roy Welensky,Rhodesian,797314307,,
Emmanuel Dungia,"Congo, Dem. Rep. of",797348410,,
Carlos Humberto Reyes,Hondura,797385790,,
Abel Muzorewa,Rhodesian,797407618,,
Munga Mibindo,"Congo, Dem. Rep. of",797435100,,
Emília Pires,East Timorese,797438594,,
Eric Lenge,"Congo, Dem. Rep. of",797446004,,
Peter Mohr Dam,Faroese,797450160,,
Knút Wang,Faroese,797493287,,
Sjúrður Skaale,Faroese,797493405,,
Ben Nsibandze,Swaziland,797494822,,
Carlos López Contreras,Hondura,797499354,,
František Ladislav Rieger,Czech Republic,797539957,,
Signatories of Rhodesia's Unilateral Declaration of Independence,Rhodesian,797546082,,
Sadia Argueta,Hondura,797677168,,
Margarita Dabdoub Sikaffi,Hondura,797684912,,
Andrew Green (Jersey politician),Jersey,797693636,,
Benjamin D'Urban,Cape Colony,797735815,,
Sékou Sanogo,Ivorian,797736207,,
Paul Antoine Bohoun Bouabré,Ivorian,797737768,,
Geraint Jennings,Jersey,797746493,,
Premier of Niue,Niuean,797757076,,
List of Prime Ministers of Saint Kitts and Nevis,Saint Kitts and Nevis,797760842,,
List of Prime Ministers of Saint Lucia,Saint Lucian,797760898,,
List of Prime Ministers of Saint Vincent and the Grenadines,Saint Vincent and the Grenadines,797760926,,
Prime Minister of Samoa,Samoan,797760961,,
Yusuf bin Alawi bin Abdullah,Omani,797805284,,
Kim Chong-hoh,South Korean,797806095,,
Hanan Ashrawi,Palestinian Territory,797806716,,
Prime Minister of South Ossetia,South Ossetian,797825875,,
Petr Mach,Czech Republic,797842545,,
Akiko Sugiyama,Palauan,797884160,,
List of Prime Ministers of Swaziland,Swaziland,797904256,,
Allan Louisy,Saint Lucian,797914672,,
Allen Montgomery Lewis,Saint Lucian,797914793,,
Samira bint Mohamed Al-Moosa,Omani,797947292,,
Boswell Williams,Saint Lucian,797970479,,
John Charles Molteno,Cape Colony,797978795,,
Cause of Yasser Arafat's death,Palestinian Territory,798100387,,
George Charles,Saint Lucian,798164824,,
"George Macartney, 1st Earl Macartney",Cape Colony,798165649,,
George Mallet,Saint Lucian,798165675,,
Tupua Tamasese Lealofi IV,Samoan,798166885,,
Tofilau Eti Alesana,Samoan,798166951,,
Guy-Patrice Lumumba,"Congo, Dem. Rep. of",798185563,,
Xanana Gusmão,East Timorese,798242613,,
Ian Gorst,Jersey,798244483,,
Kassim Al-Rimawi,Palestinian Territory,798262559,,
"Government House, Montserrat",Montserratian,798265888,,
Ibrahim Abu-Lughod,Palestinian Territory,798282902,,
Chung Ho-yong,South Korean,798295710,,
Miguel Álvarez Castro,Salvadoran,798306895,,
Daniel de Lisle Brock,Guernsey,798315235,,
Islah Jad,Palestinian Territory,798331360,,
José Luís Guterres,East Timorese,798334210,,
William Porter (Attorney General),Cape Colony,798383131,,
Jack Howman,Rhodesian,798384751,,
José Tomás Ponce,Hondura,798394355,,
Mary Elizabeth Flores,Hondura,798401950,,
Barnabas Sibusiso Dlamini,Swaziland,798454144,,
Joseph Kabila,"Congo, Dem. Rep. of",798455633,,
José Cecilio del Valle,Hondura,798460200,,
José Guillermo García,Salvadoran,798460321,,
Julian Hunte,Saint Lucian,798468800,,
Kavidi Wivine N'Landu,"Congo, Dem. Rep. of",798489264,,
Jaroslava Moserová,Czech Republic,798490261,,
Ethel Tawse Jollie,Rhodesian,798492985,,
Aiono Fanaafi Le Tagaloa,Samoan,798494387,,
Ali Mitayev,Chechen,798580067,,
Lee Jae-myung,South Korean,798611948,,
Efrem Eshba,Abkhazia,798644673,,
Vávra Suk,Czech Republic,798648973,,
Vojtěch Náprstek,Czech Republic,798686948,,
Dahir Riyale Kahin,Somaliland,798692052,,
Lubomír Štrougal,Czech Republic,798705619,,
Issam Sartawi,Palestinian Territory,798732432,,
David Tennant (politician),Cape Colony,798742813,,
Kennedy Simmonds,Saint Kitts and Nevis,798766032,,
Jan Krejčí,Czech Republic,798796793,,
Le Tagaloa Pita,Samoan,798807561,,
Jeannot Bemba Saolona,"Congo, Dem. Rep. of",798859637,,
Ebenezer Joshua,Saint Vincent and the Grenadines,798864996,,
Marisol Argueta de Barillas,Salvadoran,798896224,,
Marwan Barghouti,Palestinian Territory,798913975,,
Radek John,Czech Republic,798944631,,
Medard Mulangala,"Congo, Dem. Rep. of",798948484,,
Arsénio Bano,East Timorese,798969127,,
Mohammad Shtayyeh,Palestinian Territory,799023109,,
Mohammed Dahlan,Palestinian Territory,799023535,,
Morella Joseph,Saint Lucian,799034545,,
Mpinga Kasenda,"Congo, Dem. Rep. of",799044574,,
Nino Konis Santana,East Timorese,799059687,,
Léon Konan Koffi,Ivorian,799061508,,
Nabil Shaath,Palestinian Territory,799072017,,
Lee Nak-hoon,South Korean,799083872,,
Nabeel Kassis,Palestinian Territory,799209138,,
David Payton,Tokelauan,799209983,,
David Romero Ellner,Hondura,799220342,,
Norma Haydee Calderón,Hondura,799300330,,
Jan Jesenius,Czech Republic,799301686,,
Donaldson Romeo,Montserratian,799317293,,
Fernand Kazadi,"Congo, Dem. Rep. of",799328311,,
Antoine-Roger Bolamba,"Congo, Dem. Rep. of",799328685,,
Odette Babandoa Etoa,"Congo, Dem. Rep. of",799331221,,
Alan David Butler,Rhodesian,799332728,,
Leonid Tibilov,South Ossetian,799335775,,
Timothy Harris,Saint Kitts and Nevis,799339256,,
Olman Danery Maldonado,Hondura,799341541,,
Andries Stockenström,Cape Colony,799373837,,
"Sir Harry Smith, 1st Baronet",Cape Colony,799472552,,
Paul Yao N'Dré,Ivorian,799484902,,
George Carteret,Jersey,799514955,,
Monique Mukuna Mutombo,"Congo, Dem. Rep. of",799533831,,
Moosa AbdulRahman Hassan,Omani,799540696,,
Jack William Pithey,Rhodesian,799548505,,
President of Rhodesia,Rhodesian,799548556,,
Gerard Bromley Robert Christian,Pitcairn Islands,799551777,,
Ivan Christian,Pitcairn Islands,799551778,,
Pervis Ferris Young,Pitcairn Islands,799551779,,
Thursday October Christian II,Pitcairn Islands,799551780,,
Brenda Christian,Pitcairn Islands,799551784,,
President of East Timor,East Timorese,799570306,,
Denis Walker,Rhodesian,799608339,,
Garri Aiba,Abkhazia,799618550,,
Jim Marurai,Cook Island,799769949,,
Mahmoud al-Mabhouh,Palestinian Territory,799802471,,
Pearlette Louisy,Saint Lucian,799842307,,
Qadura Fares,Palestinian Territory,799858795,,
Daniel Kablan Duncan,Ivorian,799873303,,
Ekila Liyonda,"Congo, Dem. Rep. of",799913697,,
René Emilio Ponce,Salvadoran,799918049,,
Augustin Matata Ponyo,"Congo, Dem. Rep. of",799930121,,
Ouboutou Tegremante,Saint Kitts and Nevis,799930780,,
Yoo Il-ho,South Korean,799945764,,
Leila Khaled,Palestinian Territory,800067783,,
Nkulu Mitumba Kilombo,"Congo, Dem. Rep. of",800087105,,
Augustin Thiam,Ivorian,800116906,,
Shawn Christian (mayor),Pitcairn Islands,800137512,,
Charles Henry Darling,Cape Colony,800159179,,
Silvia Ayala,Hondura,800166969,,
Simone Gbagbo,Ivorian,800169882,,
James Fitz-Allen Mitchell,Saint Vincent and the Grenadines,800257111,,
Park Young-sun,South Korean,800258105,,
Muhammad Nimr al-Hawari,Palestinian Territory,800264686,,
Wadie Haddad,Palestinian Territory,800268417,,
Laurent Nkunda,"Congo, Dem. Rep. of",800298783,,
James Cowden,Rhodesian,800407772,,
Herbert Chitepo,Rhodesian,800416336,,
Guillermo Ungo,Salvadoran,800478736,,
Thomas Nangle,Rhodesian,800479460,,
"Statue of Paul Kruger, Church Square",South African Republic,800488968,,
Christophe Gbenye,"Congo, Dem. Rep. of",800537411,,
Josef Ježek,Czech Republic,800555146,,
Ricardo Álvarez Arias,Hondura,800643446,,
Sotsha Dlamini,Swaziland,800650407,,
Munib al-Masri,Palestinian Territory,800663648,,
Stanislaus A. James,Saint Lucian,800680583,,
Stephenson King,Saint Lucian,800696547,,
Stuart Syvret,Jersey,800714278,,
Suha Arafat,Palestinian Territory,800718761,,
Høgni Hoydal,Faroese,800723683,,
Taba Summit,Palestinian Territory,800748567,,
Henriette Diabaté,Ivorian,800750399,,
Jana Bobošíková,Czech Republic,800754664,,
John Paterson (Cape politician),Cape Colony,800767317,,
Inga Rhonda King,Saint Vincent and the Grenadines,800881284,,
Franz Anton von Kolowrat-Liebsteinsky,Czech Republic,800883412,,
Kwon Young-ghil,South Korean,800896932,,
In Jae-keun,South Korean,800896981,,
Viktor Dyk,Czech Republic,800925236,,
Alois Jirásek,Czech Republic,800925518,,
Sari Nusseibeh,Palestinian Territory,800949001,,
Timothy Stamps,Rhodesian,800986051,,
Turpal-Ali Atgeriyev,Chechen,801036587,,
Aveau Niko Palamo,Samoan,801057378,,
Edmund Estephane,Saint Lucian,801070713,,
Eduard Kokoity,South Ossetian,801087048,,
Vaughan Lewis,Saint Lucian,801096569,,
Education Minister of the Palestinian National Authority,Palestinian Territory,801102332,,
Minister of Defence (Democratic Republic of the Congo),"Congo, Dem. Rep. of",801107444,,
Moïse Tshombe,"Congo, Dem. Rep. of",801110165,,
Godefroid Munongo,"Congo, Dem. Rep. of",801112469,,
Mark Gosche,Samoan,801142102,,
Edward Trevor (Jersey),Jersey,801172575,,
Premier of Montserrat,Montserratian,801175821,,
Lauaki Namulauulu Mamoe,Samoan,801175876,,
List of rulers of the Pitcairn Islands,Pitcairn Islands,801175970,,
Tufuga Efi,Samoan,801182300,,
Salamasina,Samoan,801186581,,
Efraín Bu Girón,Hondura,801194944,,
Tupua Tamasese Meaʻole,Samoan,801213484,,
Yaqub al-Ghusayn,Palestinian Territory,801214518,,
Winston Cenac,Saint Lucian,801276622,,
Félix Houphouët-Boigny,Ivorian,801282263,,
Philip Ozouf Jr,Jersey,801284949,,
Governor-General of Saint Vincent and the Grenadines,Saint Vincent and the Grenadines,801288101,,
Khaled Mashal,Palestinian Territory,801299475,,
Emile Capgras,Martinique,801319110,,
Ziad Abu Ein,Palestinian Territory,801335922,,
Thomas Kanza,"Congo, Dem. Rep. of",801348128,,
John X. Merriman,Cape Colony,801351302,,
Abdullah Al Saidi,Omani,801364408,,
Head of Government of Tokelau,Tokelauan,801375710,,
Walter Antonio Chávez,Hondura,801414837,,
Mpilo Walter Benson Rubusana,Cape Colony,801417570,,
Elvia Josefina Amador,Hondura,801499755,,
Zuhdi Labib Terzi,Palestinian Territory,801507800,,
Dmitry Sanakoyev,South Ossetian,801560549,,
Emma Hippolyte,Saint Lucian,801563305,,
Emma Kruse Va'ai,Samoan,801564093,,
Tuilaepa Aiono Sailele Malielegaoi,Samoan,801570141,,
Túpac Amaru,Incan,801587917,,
Falima Teao,Tokelauan,801630990,,
Kristina Háfoss,Faroese,801638146,,
Sam Levy,Rhodesian,801716406,,
Humphrey Gibbs,Rhodesian,801718040,,
Tupua Tamasese,Samoan,801746626,,
Joseph Okito,"Congo, Dem. Rep. of",801770255,,
P. K. van der Byl,Rhodesian,801795215,,
Henry Hugh Clifford,Cape Colony,801856640,,
Raghib al-Nashashibi,Palestinian Territory,801867039,,
Clifford Dupont,Rhodesian,801876681,,
Krugersdorp,South African Republic,801877418,,
James Tennant Molteno,Cape Colony,801935094,,
President of the Democratic Republic of the Congo,"Congo, Dem. Rep. of",801936063,,
"Alexander von Mensdorff-Pouilly, Prince Dietrichstein von Nicolsburg",Czech Republic,801939668,,
Tupua Tamasese Lealofi III,Samoan,801944573,,
Alexis Thambwe Mwamba,"Congo, Dem. Rep. of",801968131,,
Adriana Krnáčová,Czech Republic,801972898,,
Marlon Tábora Muñoz,Hondura,802009929,,
Olaf Frederick Nelson,Samoan,802011301,,
Ondřej Liška,Czech Republic,802013967,,
Zhiuli Shartava,Abkhazia,802029007,,
List of heads of government of Ivory Coast,Ivorian,802048749,,
Marcel Chládek,Czech Republic,802054500,,
Miroslava Kopicová,Czech Republic,802055280,,
Milan Chovanec,Czech Republic,802060218,,
František Bublan,Czech Republic,802060471,,
Jiří Dienstbier Jr.,Czech Republic,802069244,,
Estanislau da Silva,East Timorese,802072802,,
Antonio Saca,Salvadoran,802075785,,
Jamila Abdallah Taha al-Shanti,Palestinian Territory,802082257,,
Labotsibeni Mdluli,Swaziland,802149787,,
Lance Smith (politician),Rhodesian,802151785,,
Alphonse Songolo,"Congo, Dem. Rep. of",802154801,,
List of heads of state of the Democratic Republic of the Congo,"Congo, Dem. Rep. of",802197658,,
Va'aletoa Sualauvi II,Samoan,802218035,,
Eustace John,Saint Kitts and Nevis,802273418,,
Jibril Rajoub,Palestinian Territory,802302873,,
Said bin Taimur,Omani,802317488,,
Táňa Fischerová,Czech Republic,802360196,,
Václav Jehlička,Czech Republic,802365998,,
Michel Amani N'Guessan,Ivorian,802374350,,
Richard Weston (treasurer),Guernsey,802409654,,
Jules Mutebusi,"Congo, Dem. Rep. of",802411491,,
Viliam Široký,Czech Republic,802416926,,
Abdelrahman al-Dajani,Palestinian Territory,802436402,,
Ahmad Agha Duzdar,Palestinian Territory,802436510,,
Musa al-Alami (mayor of Jerusalem),Palestinian Territory,802436655,,
Hussam ad-Din Jarallah,Palestinian Territory,802438226,,
As'ad Shukeiri,Palestinian Territory,802444446,,
Sirið Stenberg,Faroese,802476681,,
Eyad al-Sarraj,Palestinian Territory,802495061,,
Eyðgunn Samuelsen,Faroese,802515495,,
Miroslav Lidinský,Czech Republic,802531379,,
Peter Crill,Jersey,802532217,,
Abdel Aziz al-Rantisi,Palestinian Territory,802598153,,
Alexandre de Beauharnais,Martinique,802657786,,
Akhmad Kadyrov,Chechen,802665757,,
Kang Kum-sil,South Korean,802728876,,
José Ramos-Horta,East Timorese,802765398,,
Petr Cibulka,Czech Republic,802834939,,
Fatima Bernawi,Palestinian Territory,802835604,,
Faumuina Tiatia Liuga,Samoan,802850235,,
Anna Šabatová,Czech Republic,802875800,,
Vadim Brovtsev,South Ossetian,802882186,,
Jeanne Gervais,Ivorian,802893546,,
Gladys Anoma,Ivorian,802893568,,
Bernard Binlin Dadié,Ivorian,802904214,,
"John Carteret, 2nd Earl Granville",Jersey,802912550,,
Edva Jacobsen,Faroese,802925425,,
Desmond Lardner-Burke,Rhodesian,802930161,,
Hugo Lindo,Salvadoran,802944082,,
Dzhokhar Dudayev,Chechen,802950350,,
Marco Aurelio Soto,Hondura,802955117,,
Park Yong-ok,South Korean,802955917,,
Ahmad Sa'adat,Palestinian Territory,802968215,,
Yuri Voronov,Abkhazia,803018106,,
Fernando de Araújo (East Timorese politician),East Timorese,803043434,,
Aksel V. Johannesen,Faroese,803145744,,
Ilyas Akhmadov,Chechen,803177211,,
Leander Starr Jameson,Cape Colony,803177433,,
Salah Shehade,Palestinian Territory,803242304,,
Henry Bartle Frere,Cape Colony,803288472,,
"Hercules Robinson, 1st Baron Rosmead",Cape Colony,803303116,,
Adolph Aloys von Braun,Czech Republic,803332354,,
Pierre Mulele,"Congo, Dem. Rep. of",803335436,,
Jeon Hye-sook,South Korean,803383030,,
Toke Talagi,Niuean,803392432,,
Darius J. Pearce,Jersey,803416400,,
Kasongo Munganga,"Congo, Dem. Rep. of",803421580,,
Mahmoud Abbas,Palestinian Territory,803433440,,
Dana Bérová,Czech Republic,803438779,,
Ruslan Gelayev,Chechen,803469952,,
Pachacuti,Incan,803601556,,
Head of the Republic of Dagestan,Dagestani,803611453,,
Taur Matan Ruak,East Timorese,803615826,,
"Henry Loch, 1st Baron Loch",Cape Colony,803618569,,
John Bredenkamp,Rhodesian,803620246,,
Djóni í Geil,Faroese,803656387,,
František Palacký,Czech Republic,803658529,,
Lúcia Lobato,East Timorese,803664269,,
Schafik Handal,Salvadoran,803674894,,
Miroslav Kostelka,Czech Republic,803709959,,
John Compton,Saint Lucian,803737879,,
Martin Barták,Czech Republic,803793256,,
Karolína Peake,Czech Republic,803794383,,
Arnoldo José Avilés García,Hondura,803808871,,
Robert Guéï,Ivorian,803820918,,
List of heads of state of Ivory Coast,Ivorian,803821448,,
Coronado Chávez,Hondura,803835401,,
Florencio Xatruch,Hondura,803835755,,
Ramón Villeda Morales,Hondura,803836305,,
Roberto Suazo Córdova,Hondura,803836472,,
Rafael Leonardo Callejas Romero,Hondura,803836551,,
Kim Un-yong,South Korean,803838269,,
Francis Dundas,Cape Colony,803908887,,
Kenny Anthony,Saint Lucian,803917686,,
Ana Vilma de Escobar,Salvadoran,803927035,,
"Faisal bin Turki, Sultan of Muscat and Oman",Omani,803929525,,
Francis Wodié,Ivorian,803941004,,
Francisco Xavier do Amaral,East Timorese,803969836,,
Petr Ježek,Czech Republic,803983301,,
Frank Lui,Niuean,804027488,,
Frank Rhodes (British Army officer),Rhodesian,804040348,,
Yasser Arafat,Palestinian Territory,804075706,,
Denzil Douglas,Saint Kitts and Nevis,804081241,,
František Udržal,Czech Republic,804093764,,
Ernest Lucas Guest,Rhodesian,804101492,,
List of vice-presidents of Ivory Coast,Ivorian,804108433,,
Vicente Mejía Colindres,Hondura,804127803,,
Miguel Paz Barahona,Hondura,804127877,,
Rafael López Gutiérrez,Hondura,804128734,,
Francisco Bertrand,Hondura,804129698,,
Miguel R. Dávila,Hondura,804130200,,
Manuel Bonilla,Hondura,804130440,,
Terencio Sierra,Hondura,804131272,,
Policarpo Bonilla,Hondura,804131604,,
Ponciano Leiva,Hondura,804131948,,
Ahmad Shukeiri,Palestinian Territory,804132518,,
José María Medina,Hondura,804133123,,
José Santos Guardiola,Hondura,804133555,,
Juan Lindo,Salvadoran,804134156,,
José Lino Matute,Hondura,804138803,,
José Santiago Bueso,Hondura,804139010,,
Francisco de Aguilar (politician),Hondura,804139208,,
José Francisco Montes,Hondura,804139258,,
Victoriano Castellanos,Hondura,804139730,,
Francisco Inestroza,Hondura,804139800,,
Francisco Cruz Castro,Hondura,804139868,,
Marcelino Mejía,Hondura,804140099,,
Crescencio Gómez,Hondura,804140159,,
Miguel Oquelí Bustillo,Hondura,804140314,,
Francisco Bueso,Hondura,804140447,,
Adan Ahmed Elmi,Somaliland,804143605,,
Ralph Gonsalves,Saint Vincent and the Grenadines,804164057,,
Joseph Kasa-Vubu,"Congo, Dem. Rep. of",804197745,,
Ben Viljoen,South African Republic,804250196,,
President of Ichkeria,Chechen,804275742,,
Said-Khasanom Abumuslimov,Chechen,804276832,,
Vakha Arsanov,Chechen,804276940,,
Lowry Cole,Cape Colony,804277547,,
Shamil Basayev,Chechen,804277603,,
Supyan Abdullayev,Chechen,804277842,,
Zelimkhan Yandarbiyev,Chechen,804279009,,
Aslan Maskhadov,Chechen,804279119,,
Abdul-Halim Sadulayev,Chechen,804279165,,
Dokka Umarov,Chechen,804279341,,
10 agorot controversy,Palestinian Territory,804292510,,
Malietoa Tanumafili II,Samoan,804303257,,
Frédéric Kibassa Maliba,"Congo, Dem. Rep. of",804359582,,
"Sir David Baird, 1st Baronet",Cape Colony,804362436,,
Alan Simon Crowcroft,Jersey,804372746,,
Fuimaono Naoia Tei,Samoan,804379271,,
Fuiono Senio,Samoan,804379277,,
Elsebeth Mercedis Gunnleygsdóttur,Faroese,804422035,,
Félix Éboué,French Guiana,804473743,,
James Rose Innes,Cape Colony,804497413,,
Túpac Katari,Incan,804527512,,
Mauricio Funes,Salvadoran,804528819,,
Havilland de Sausmarez,Guernsey,804532628,,
Vice President of El Salvador,Salvadoran,804538892,,
Tapa Tchermoeff,Chechen,804557776,,
Václav Havel,Czech Republic,804569724,,
Pavel Fischer,Czech Republic,804582256,,
Tabu Ley Rochereau,"Congo, Dem. Rep. of",804587534,,
Gabriela Nuñez,Hondura,804587565,,
Eva Tylová,Czech Republic,804591494,,
Francisco Flores Pérez,Salvadoran,804606321,,
Vyacheslav Bitarov,Ossetian,804609656,,
Tamerlan Aguzarov,Ossetian,804609900,,
Godfrey Chidyausiku,Rhodesian,804650400,,
Tsandzile Dlamini,Swaziland,804656330,,
Leonard Mashako Mamba,"Congo, Dem. Rep. of",804709167,,
Krugerrand,South African Republic,804713000,,
Dana Jurásková,Czech Republic,804715205,,
Svatopluk Němeček,Czech Republic,804715467,,
Richard Hope Hall,Rhodesian,804743937,,
Crosaire,Rhodesian,804806363,,
José Napoleón Duarte,Salvadoran,804809409,,
Sim Sang-jung,South Korean,804816596,,
Kim So-yeon (activist),South Korean,804817210,,
Richard Brabec,Czech Republic,804820949,,
Governor-General of Saint Kitts and Nevis,Saint Kitts and Nevis,804862608,,
Jan Fischer (politician),Czech Republic,804868436,,
Martin Pecina,Czech Republic,804869147,,
Vlasta Parkanová,Czech Republic,804871394,,
Gaston Thornicroft,Rhodesian,804877226,,
Martin Bursík,Czech Republic,804879673,,
2000 Camp David Summit,Palestinian Territory,804914588,,
Amin al-Husseini,Palestinian Territory,804940228,,
Cuthbert Sebastian,Saint Kitts and Nevis,804942241,,
Franck Mwe di Malila,"Congo, Dem. Rep. of",804943836,,
Adel Zawati,Palestinian Territory,804957442,,
Yi Yun-yong,South Korean,804962117,,
Byeon Yeong-tae,South Korean,804962160,,
Lee Beom-seok (foreign minister),South Korean,804962170,,
Vicente Guterres,East Timorese,804966906,,
Yoo Chang-soon,South Korean,804968129,,
Lee Hyun-jae,South Korean,804968364,,
Hyun Soong-jong,South Korean,804968483,,
Yun Byung-se,South Korean,804971432,,
Kim Sung-hwan (politician),South Korean,804971477,,
Kim Suk-soo,South Korean,804971686,,
Kim Hwang-sik,South Korean,804971888,,
Chang Sang,South Korean,804972263,,
Armando Calderón Sol,Salvadoran,804991452,,
Lubomír Zaorálek,Czech Republic,805037426,,
Mobutu Sese Seko,"Congo, Dem. Rep. of",805038023,,
Amadou Gon Coulibaly,Ivorian,805044583,,
Chang Taek-sang,South Korean,805053478,,
Augusto Coello,Hondura,805055004,,
Gennadi Berulava,Abkhazia,805063877,,
Radola Gajda,Czech Republic,805084705,,
Maurice Mpolo,"Congo, Dem. Rep. of",805086693,,
William Bailhache,Jersey,805135198,,
Michael Birt (barrister),Jersey,805136001,,
Frank Ereaut,Jersey,805136113,,
Robert Pipon Marett,Jersey,805136184,,
Nicolaas Frederic de Waal,Cape Colony,805157563,,
"List of members of the South Korean Constituent Assembly, 1948–50",South Korean,805158721,,
Karel Schwarzenberg,Czech Republic,805176779,,
Vlasta Svobodová,Czech Republic,805179298,,
Rui Maria de Araújo,East Timorese,805183458,,
George Romeo Silvestri,Hondura,805248828,,
Georges Minsay Booka,"Congo, Dem. Rep. of",805279692,,
Lim Su-kyung,South Korean,805293256,,
Omar Barghouti,Palestinian Territory,805306238,,
Arab Money,Palestinian Territory,805321868,,
Ondřej Přikryl,Czech Republic,805352758,,
Fidel Sánchez Hernández,Salvadoran,805353238,,
Germain Katanga,"Congo, Dem. Rep. of",805368981,,
"James Graham, 7th Duke of Montrose",Rhodesian,805372073,,
Milada Horáková,Czech Republic,805439919,,
Ghassan Khatib,Palestinian Territory,805441005,,
Rafael Antonio Gutiérrez,Salvadoran,805474907,,
Hilaria Supa,Incan,805475200,,
Freddie Cohen,Jersey,805499715,,
Daniel Kanza,"Congo, Dem. Rep. of",805523382,,
Michael Pilgrim,Saint Lucian,805577053,,
Salvador Nasralla,Hondura,805625721,,
Pa Tepaeru Terito Ariki,Cook Island,805657875,,
"John Charles Molteno, Jr.",Cape Colony,805678535,,
Edmund Andros,Guernsey,805755298,,
Guram Gabiskiria,Abkhazia,805775169,,
Umar Dzhabrailov,Chechen,805794113,,
Ahmad Toukan,Palestinian Territory,805811873,,
Martin Holcát,Czech Republic,805824502,,
Gilbert Pongo,"Congo, Dem. Rep. of",805835265,,
Muhammad Haji Ibrahim Egal,Somaliland,805840190,,
Ramzan Kadyrov,Chechen,805869321,,
Hediya Yousef,Rojava,805873719,,
Mansur Selum,Rojava,805873803,,
Laurent-Désiré Kabila,"Congo, Dem. Rep. of",805923394,,
Kruger National Park,South African Republic,805927999,,
Allen Chastanet,Saint Lucian,805945778,,
Alena Dernerová,Czech Republic,805946007,,
Ki Dong-min,South Korean,805956890,,
Ahrn Palley,Rhodesian,805960143,,
Baklai Temengil,Palauan,805961817,,
"Alfred Milner, 1st Viscount Milner",Cape Colony,805962015,,
Nestor Lakoba,Abkhazia,805967589,,
Edmundo Orellana,Hondura,805984131,,
Shin Sung-mo,South Korean,805991409,,
Irma Dimas,Salvadoran,806010405,,
Annita á Fríðriksmørk,Faroese,806011231,,
Marian Jurečka,Czech Republic,806049453,,
O le Ao o le Malo,Samoan,806055721,,
Manuel José Arce,Salvadoran,806057984,,
Prospère Mushobekwa,"Congo, Dem. Rep. of",806071312,,
Chun Jung-bae,South Korean,806073279,,
"List of members of the National Assembly (South Korea), 2012–2016",South Korean,806073996,,
Pavel Bělobrádek,Czech Republic,806085100,,
President of El Salvador,Salvadoran,806101149,,
Han Duck-soo,South Korean,806124709,,
Francisco Guterres,East Timorese,806140876,,
Roh Tae-woo,South Korean,806145466,,
Allan Savory,Rhodesian,806153816,,
Rafael Pineda Ponce,Hondura,806178799,,
Han Myeong-sook,South Korean,806182207,,
Choo Mi-ae,South Korean,806184478,,
Eugène Serufuli Ngayabaseka,"Congo, Dem. Rep. of",806189185,,
Julien Paluku Kahongya,"Congo, Dem. Rep. of",806189633,,
Alassane Ouattara,Ivorian,806218350,,
Dan Ťok,Czech Republic,806231200,,
Jonathan Kings,Tokelauan,806257719,,
Administrator of Tokelau,Tokelauan,806258588,,
Hortense Aka-Anghui,Ivorian,806287770,,
Na Kyung-won,South Korean,806319565,,
Gordon Sprigg,Cape Colony,806340214,,
Khalil al-Wazir,Palestinian Territory,806359448,,
List of mayors of Goma,"Congo, Dem. Rep. of",806372703,,
Victor Nendaka Bika,"Congo, Dem. Rep. of",806383479,,
Min Byung-doo,South Korean,806399005,,
Governor-General of Saint Lucia,Saint Lucian,806408228,,
Governor of Montserrat,Montserratian,806415676,,
Dagobert Banzio,Ivorian,806421729,,
Henry Jean-Baptiste,Martinique,806431975,,
Choe Kwang-shik,South Korean,806439224,,
Choi Kyu-hah,South Korean,806462613,,
Jiří Dienstbier,Czech Republic,806490518,,
Rudolf Slánský,Czech Republic,806504904,,
Won Sei-hoon,South Korean,806511942,,
Won Yoo-chul,South Korean,806512047,,
Antoine Gizenga cabinet,"Congo, Dem. Rep. of",806524828,,
Ian Smith,Rhodesian,806532780,,
Alexandr Vondra,Czech Republic,806537585,,
Jaroslav Šedivý,Czech Republic,806538241,,
Cyril Svoboda,Czech Republic,806538320,,
Jan Kohout,Czech Republic,806539480,,
André Lubaya,"Congo, Dem. Rep. of",806545614,,
Gratien Candace,Guadeloupe,806546383,,
Kim Boo-kyum,South Korean,806555857,,
Miloš Vystrčil,Czech Republic,806558617,,
Mimi Karlsen,Greenlandic,806560929,,
Alois Eliáš,Czech Republic,806566913,,
Jan Skopeček (politician),Czech Republic,806569308,,
Miloslav Ludvík,Czech Republic,806586185,,
Baek Du-jin,South Korean,806590508,,
Martin Kupka,Czech Republic,806636602,,
Cecil Rhodes,Cape Colony,806647373,,
Matěj Stropnický,Czech Republic,806650264,,
"Thuwaini bin Said, Sultan of Muscat and Oman",Omani,806665440,,
Joan Viliamu,Niuean,806666816,,
Petr Šimerka,Czech Republic,806669645,,
Jaromír Drábek,Czech Republic,806669709,,
Ludmila Müllerová,Czech Republic,806669752,,
Jan Veleba (politician),Czech Republic,806672899,,
František Ringo Čech,Czech Republic,806673245,,
Michaela Marksová,Czech Republic,806673585,,
Robert Pelikán,Czech Republic,806708361,,
Karla Šlechtová,Czech Republic,806708532,,
Stanislav Gross,Czech Republic,806720477,,
Martin Stropnický,Czech Republic,806729653,,
Tony Abbott (governor),Montserratian,806730593,,
José Matías Delgado,Salvadoran,806731535,,
Tom Marsters,Cook Island,806739780,,
"List of members of the National Assembly (South Korea), 2016–present",South Korean,806749773,,
Leoš Heger,Czech Republic,806751902,,
Túpac Amaru II,Incan,806761543,,
Selvin Laínez,Hondura,806796619,,
Park Chung-hee,South Korean,806801805,,
Anatoly Bibilov,Ossetian,806832826,,
Chun Doo-hwan,South Korean,806846283,,
Bohuslav Svoboda,Czech Republic,806850638,,
Roh Moo-hyun,South Korean,806852494,,
Ana Julia García,Hondura,806875293,,
Miroslava Němcová,Czech Republic,806876791,,
Zbyněk Stanjura,Czech Republic,806900987,,
Qaboos bin Said al Said,Omani,806904421,,
Katrin Kallsberg,Faroese,806909915,,
Ismail Haniyeh,Palestinian Territory,806939531,,
Jean-Chrysostome Werengemere,"Congo, Dem. Rep. of",806947596,,
Francisco Ferrera,Hondura,806948506,,
Vanda Pignato,Salvadoran,806958982,,
Guillaume Soro,Ivorian,806973935,,
Drahomíra Miklošová,Czech Republic,806988445,,
Václav Klaus Jr.,Czech Republic,806991412,,
Lee Jung-hee,South Korean,807021657,,
Song Yo-chan,South Korean,807029190,,
Kitack Lim,South Korean,807057020,,
Dominik Feri,Czech Republic,807058182,,
Park Geun-hye,South Korean,807060237,,
Garfield Todd,Rhodesian,807097467,,
Alexandra Udženija,Czech Republic,807102237,,
Do Jong-hwan,South Korean,807122658,,
Assassination of Park Chung-hee,South Korean,807142261,,
Laurent Gbagbo,Ivorian,807159456,,
Douglas Hamilton Ritchie,Rhodesian,807159903,,
Godfrey Huggins,Rhodesian,807160082,,
Maphevu Dlamini,Swaziland,807175486,,
José María Lemus,Salvadoran,807175924,,
William Sio,Samoan,807177019,,
Idris Gaibov,Chechen,807180397,,
Jean-Pierre Bemba,"Congo, Dem. Rep. of",807193274,,
Guy Joseph,Saint Lucian,807198874,,
Salvador Sánchez Cerén,Salvadoran,807210786,,
Jason Sendwe,"Congo, Dem. Rep. of",807243537,,
Gérard Kamanda wa Kamanda,"Congo, Dem. Rep. of",807258156,,
Piet Joubert,South African Republic,807269619,,
Patrice Lumumba,"Congo, Dem. Rep. of",807273861,,
George Hackwill,Rhodesian,807283218,,
George Grey,Cape Colony,807290539,,
Patrick Achi,Ivorian,807296683,,
H. C .W. Tórgarð,Faroese,807297374,,
Peregrine Maitland,Cape Colony,807330872,,
Ivan Pilný,Czech Republic,807333095,,
Marta Semelová,Czech Republic,807334610,,
Daniel Herman,Czech Republic,807334657,,
Jan Hamáček,Czech Republic,807353609,,
Ruslan Alikhadzhiyev,Chechen,807354708,,
Michal Horáček,Czech Republic,807358143,,
Nizar Rayan,Palestinian Territory,807364845,,
Václav Klaus,Czech Republic,807382193,,
Martin Kuba,Czech Republic,807394304,,
Martin Říman,Czech Republic,807394725,,
Kateřina Valachová,Czech Republic,807399097,,
Thomas Francis Wade,Cape Colony,807401513,,
Geum Min,South Korean,807404528,,
Vladimír Tošovský,Czech Republic,807415625,,
Pavel Svoboda,Czech Republic,807416099,,
Petr Fiala,Czech Republic,807420515,,
Nam Duck-woo,South Korean,807423123,,
Henry Everard,Rhodesian,807425613,,
John Wrathall,Rhodesian,807425747,,
Haifa al-Agha,Palestinian Territory,807439836,,
Mahmoud al-Zahar,Palestinian Territory,807444564,,
Juan Ángel Arias Boquín,Hondura,807445333,,
Francisco Zelaya y Ayes,Hondura,807445395,,
Haitham bin Tariq Al Said,Omani,807451487,,
Ruslan Yamadayev,Chechen,807454176,,
Hakam Balawi,Palestinian Territory,807459429,,
Vladimír Špidla,Czech Republic,807462107,,
Yunis Al Astal,Palestinian Territory,807462818,,
